match,pinnacle,parimatch,ggbet,date,tournament,team left,players_left,team right,players_right,ban_left,ban_right,pick_left_team,pick_right_team,result_left_team,result_right_team,score
PSG.LGD vs Team Spirit,1.41-2.93,1.06-8.00,-,10 Сентября 19:10 2021,OGA Dota PIT Invitational,Team Spirit,"['Yatoro', 'TORONTOTOKYO', 'Collapse', 'Miroslaw', 'Miposhka']",PSG.LGD,"['Ame', 'xiao8', 'Faith_bian', 'XinQ', 'y`']","['Monkey King', 'Clinkz', 'Beastmaster', 'Lycan', 'Tidehunter', 'Venomancer', 'Night Stalker']","['Keeper of the Light', 'Bane', 'Faceless Void', 'Gyrocopter', 'Dark Willow', 'Bloodseeker', 'Earthshaker']","['Sven', 'Queen of Pain', 'Sand King', 'Vengeful Spirit', 'Shadow Demon']","['Slark', 'Batrider', 'Underlord', 'Io', 'Elder Titan']","<span class=""team__title-label"">Победа</span>",,28 : 14
PSG.LGD vs Team Spirit,1.41-2.93,1.06-8.00,-,10 Сентября 19:10 2021,OGA Dota PIT Invitational,PSG.LGD,"['Ame', 'xiao8', 'Faith_bian', 'XinQ', 'y`']",Team Spirit,"['Yatoro', 'TORONTOTOKYO', 'Collapse', 'Miroslaw', 'Miposhka']","['Bloodseeker', 'Keeper of the Light', 'Troll Warlord', 'Gyrocopter', 'Medusa', 'Tidehunter', 'Sand King']","['Clinkz', 'Bane', 'Slark', 'Omniknight', 'Leshrac', 'Terrorblade', 'Morphling']","['Sven', 'Pangolier', 'Beastmaster', 'Monkey King', 'Oracle']","['Luna', 'Batrider', 'Night Stalker', 'Vengeful Spirit', 'Hoodwink']","<span class=""team__title-label"">Победа</span>",,27 : 12
PSG.LGD vs Team Spirit,1.41-2.93,1.06-8.00,-,10 Сентября 19:10 2021,OGA Dota PIT Invitational,Team Spirit,"['Yatoro', 'TORONTOTOKYO', 'Collapse', 'Miroslaw', 'Miposhka']",PSG.LGD,"['Ame', 'xiao8', 'Faith_bian', 'XinQ', 'y`']","['Clinkz', 'Monkey King', 'Io', 'Slark', 'Sven', 'Medusa', 'Terrorblade']","['Bloodseeker', 'Keeper of the Light', 'Void Spirit', 'Luna', 'Morphling', 'Winter Wyvern', 'Phoenix']","['Gyrocopter', 'Storm Spirit', 'Tidehunter', 'Shadow Demon', 'Omniknight']","['Faceless Void', 'Pangolier', 'Vengeful Spirit', 'Mirana', 'Bane']",,"<span class=""team__title-label"">Победа</span>",16 : 33
PSG.LGD vs Team Spirit,1.41-2.93,1.06-8.00,-,10 Сентября 19:10 2021,OGA Dota PIT Invitational,PSG.LGD,"['Ame', 'xiao8', 'Faith_bian', 'XinQ', 'y`']",Team Spirit,"['Yatoro', 'TORONTOTOKYO', 'Collapse', 'Miroslaw', 'Miposhka']","['Bloodseeker', 'Keeper of the Light', 'Shadow Demon', 'Faceless Void', 'Morphling', 'Troll Warlord', 'Terrorblade']","['Clinkz', 'Monkey King', 'Io', 'Vengeful Spirit', 'Leshrac', 'Night Stalker', 'Sand King']","['Sven', 'Necrophos', 'Pangolier', 'Snapfire', 'Bane']","['Ember Spirit', 'Templar Assassin', 'Tidehunter', 'Mirana', 'Winter Wyvern']","<span class=""team__title-label"">Победа</span>",,30 : 16
Execration vs Polaris Esports,1.33-3.14,7.20(1.87)2.28,-,10 Сентября 16:50 2021,BTS Pro Series Season 8: Southeast Asia,Polaris Esports,"['Natsumi-', 'Mac', 'Nikko', 'Boomy', 'cml']",Execration,"['666', 'Ao', 'Tino', 'BDz', 'Rr']","['Keeper of the Light', 'Vengeful Spirit', 'Batrider', 'Lycan', 'Templar Assassin', 'Sniper', 'Troll Warlord']","['Night Stalker', 'Omniknight', 'Storm Spirit', 'Void Spirit', 'Kunkka', 'Tiny', 'Ember Spirit']","['Clinkz', 'Invoker', 'Tidehunter', 'Mirana', 'Bane']","['Pugna', 'Lina', 'Monkey King', 'Earth Spirit', 'Pangolier']","<span class=""team__title-label"">Победа</span>",,45 : 12
Execration vs Polaris Esports,1.33-3.14,7.20(1.87)2.28,-,10 Сентября 16:50 2021,BTS Pro Series Season 8: Southeast Asia,Execration,"['Ao', '666', 'Tino', 'BDz', 'Rr']",Polaris Esports,"['Natsumi-', 'Mac', 'Nikko', 'Boomy', 'cml']","['Omniknight', 'Night Stalker', 'Leshrac', 'Batrider', 'Doom', 'Venomancer', 'Legion Commander']","['Vengeful Spirit', 'Keeper of the Light', 'Silencer', 'Brewmaster', 'Tidehunter', 'Ember Spirit', 'Invoker']","['Storm Spirit', 'Beastmaster', 'Templar Assassin', 'Snapfire', 'Pangolier']","['Bloodseeker', 'Puck', 'Winter Wyvern', 'Tiny', 'Bane']","<span class=""team__title-label"">Победа</span>",,41 : 32
Dream Maker vs Yangon Galacticos,1.42-2.93,2.50(1.76)6.80,-,10 Сентября 14:30 2021,BTS Pro Series Season 8: Southeast Asia,Yangon Galacticos,"['HAW', 'Young PH', 'LuN', 'Skill Lay', 'Zawrain']",Dream Maker,"['Chidori~', 'Rosieareroses', 'Nevermine', 'Czy', 'TrazaM']","['Night Stalker', 'Keeper of the Light', 'Bloodseeker', 'Bane', 'Kunkka', 'Leshrac', 'Ember Spirit']","['Abaddon', 'Omniknight', 'Dark Seer', 'Morphling', 'Viper', 'Puck', 'Invoker']","['Phantom Lancer', 'Queen of Pain', 'Pangolier', 'Earth Spirit', 'Beastmaster']","['Clinkz', 'Storm Spirit', 'Tidehunter', 'Vengeful Spirit', 'Tusk']","<span class=""team__title-label"">Победа</span>",,43 : 29
Dream Maker vs Yangon Galacticos,1.42-2.93,2.50(1.76)6.80,-,10 Сентября 14:30 2021,BTS Pro Series Season 8: Southeast Asia,Yangon Galacticos,"['HAW', 'Young PH', 'LuN', 'Skill Lay', 'Zawrain']",Dream Maker,"['Chidori~', 'Rosieareroses', 'Nevermine', 'Czy', 'TrazaM']","['Night Stalker', 'Keeper of the Light', 'Kunkka', 'Bloodseeker', 'Tidehunter', 'Lina', 'Skywrath Mage']","['Abaddon', 'Omniknight', 'Morphling', 'Puck', 'Phantom Lancer', 'Invoker', 'Queen of Pain']","['Anti-Mage', 'Ember Spirit', 'Pangolier', 'Mirana', 'Beastmaster']","['Clinkz', 'Storm Spirit', 'Slardar', 'Vengeful Spirit', 'Sand King']","<span class=""team__title-label"">Победа</span>",,33 : 11
Galaxy Racer Esports vs BOOM Esports,1.50-2.63,6.20(1.92)2.31,-,10 Сентября 12:20 2021,BTS Pro Series Season 8: Southeast Asia,BOOM Esports,"['Palos', 'Yopaj', 'Fbz', 'skem', 'PlayHard']",Galaxy Racer Esports,"['inYourdreaM', 'AlaCrity', 'Meracle', 'Poloson', 'Jhocam']","['Keeper of the Light', 'Vengeful Spirit', 'Monkey King', 'Templar Assassin', 'Clinkz', 'Tidehunter', 'Brewmaster']","['Omniknight', 'Gyrocopter', 'Beastmaster', 'Invoker', 'Sven', 'Batrider', 'Kunkka']","['Bloodseeker', 'Earth Spirit', 'Lycan', 'Bane', 'Pangolier']","['Medusa', 'Ember Spirit', 'Night Stalker', 'Elder Titan', 'Rubick']","<span class=""team__title-label"">Победа</span>",,36 : 23
Galaxy Racer Esports vs BOOM Esports,1.50-2.63,6.20(1.92)2.31,-,10 Сентября 12:20 2021,BTS Pro Series Season 8: Southeast Asia,Galaxy Racer Esports,"['inYourdreaM', 'AlaCrity', 'Meracle', 'Poloson', 'Jhocam']",BOOM Esports,"['Palos', 'Yopaj', 'Fbz', 'skem', 'PlayHard']","['Omniknight', 'Gyrocopter', 'Batrider', 'Invoker', 'Beastmaster', 'Queen of Pain', 'Tiny']","['Vengeful Spirit', 'Night Stalker', 'Legion Commander', 'Tidehunter', 'Brewmaster', 'Lina', 'Storm Spirit']","['Monkey King', 'Void Spirit', 'Outworld Destroyer', 'Bane', 'Pangolier']","['Bloodseeker', 'Puck', 'Mars', 'Io', 'Mirana']",,"<span class=""team__title-label"">Победа</span>",24 : 43
Team SMG vs OB Esports x Neon,1.35-3.24,1.85(1.90)23.00,-,10 Сентября 10:10 2021,BTS Pro Series Season 8: Southeast Asia,OB Esports x Neon,"['458', 'Mikoto', 'X1aOyU', 'Hustla', 'Jaunuel']",Team SMG,"['MidOne', 'Moon', 'kpii', 'ah fu', 'Roddgeee']","['Vengeful Spirit', 'Beastmaster', 'Bloodseeker', 'Templar Assassin', 'Batrider', 'Invoker', 'Kunkka']","['Keeper of the Light', 'Nyx Assassin', 'Lycan', 'Sven', 'Clinkz', 'Storm Spirit', 'Io']","['Slark', 'Lina', 'Night Stalker', 'Skywrath Mage', 'Clockwerk']","['Monkey King', 'Silencer', 'Elder Titan', 'Shadow Demon', 'Pangolier']",,"<span class=""team__title-label"">Победа</span>",34 : 50
Team SMG vs OB Esports x Neon,1.35-3.24,1.85(1.90)23.00,-,10 Сентября 10:10 2021,BTS Pro Series Season 8: Southeast Asia,OB Esports x Neon,"['458', 'Mikoto', 'X1aOyU', 'Hustla', 'Jaunuel']",Team SMG,"['MidOne', 'Moon', 'kpii', 'ah fu', 'Roddgeee']","['Vengeful Spirit', 'Keeper of the Light', 'Shadow Demon', 'Invoker', 'Bane', 'Winter Wyvern', 'Lion']","['Night Stalker', 'Nyx Assassin', 'Sven', 'Clinkz', 'Gyrocopter', 'Phoenix', 'Mirana']","['Troll Warlord', 'Storm Spirit', 'Mars', 'Lina', 'Pangolier']","['Monkey King', 'Void Spirit', 'Lycan', 'Grimstroke', 'Bloodseeker']",,"<span class=""team__title-label"">Победа</span>",26 : 42
Tundra Esports vs Team Spirit,1.71-2.16,7.00-1.08,-,09 Сентября 19:10 2021,OGA Dota PIT Invitational,Tundra Esports,"['Skiter', 'Nine', '33', 'Sneyking', 'FATA-']",Team Spirit,"['Yatoro', 'TORONTOTOKYO', 'Collapse', 'Miroslaw', 'Miposhka']","['Bloodseeker', 'Keeper of the Light', 'Tidehunter', 'Mars', 'Phoenix', 'Axe', 'Void Spirit']","['Batrider', 'Night Stalker', 'Shadow Demon', 'Omniknight', 'Earthshaker', 'Lina', 'Tinker']","['Faceless Void', 'Invoker', 'Lycan', 'Snapfire', 'Gyrocopter']","['Monkey King', 'Ember Spirit', 'Magnus', 'Dark Willow', 'Bane']",,"<span class=""team__title-label"">Победа</span>",25 : 29
Tundra Esports vs Team Spirit,1.71-2.16,7.00-1.08,-,09 Сентября 19:10 2021,OGA Dota PIT Invitational,Tundra Esports,"['Skiter', 'Nine', '33', 'Sneyking', 'FATA-']",Team Spirit,"['Yatoro', 'TORONTOTOKYO', 'Collapse', 'Miroslaw', 'Miposhka']","['Bloodseeker', 'Keeper of the Light', 'Phoenix', 'Monkey King', 'Phantom Assassin', 'Phantom Lancer', 'Sven']","['Batrider', 'Night Stalker', 'Omniknight', 'Winter Wyvern', 'Luna', 'Leshrac', 'Tinker']","['Slark', 'Ember Spirit', 'Lycan', 'Shadow Demon', 'Gyrocopter']","['Magnus', 'Void Spirit', 'Sand King', 'Dark Willow', 'Bane']",,"<span class=""team__title-label"">Победа</span>",17 : 36
Execration vs Dream Maker,1.70-2.18,1.62(2.65)9.00,-,09 Сентября 17:00 2021,BTS Pro Series Season 8: Southeast Asia,Execration,"['666', 'Ao', 'Tino', 'BDz', 'Rr']",Dream Maker,"['Chidori~', 'Rosieareroses', 'Nevermine', 'Czy', 'TrazaM']","['Pangolier', 'Lycan', 'Beastmaster', 'Void Spirit', 'Phoenix', 'Invoker', 'Batrider']","['Keeper of the Light', 'Omniknight', 'Templar Assassin', 'Sven', 'Puck', 'Ogre Magi', 'Abaddon']","['Night Stalker', 'Leshrac', 'Undying', 'Monkey King', 'Lion']","['Clinkz', 'Windranger', 'Tidehunter', 'Vengeful Spirit', 'Mars']","<span class=""team__title-label"">Победа</span>",,38 : 15
Execration vs Dream Maker,1.70-2.18,1.62(2.65)9.00,-,09 Сентября 17:00 2021,BTS Pro Series Season 8: Southeast Asia,Execration,"['Ao', '666', 'Tino', 'BDz', 'Rr']",Dream Maker,"['Chidori~', 'Rosieareroses', 'Nevermine', 'Czy', 'TrazaM']","['Pangolier', 'Omniknight', 'Sven', 'Lina', 'Invoker', 'Storm Spirit', 'Queen of Pain']","['Keeper of the Light', 'Vengeful Spirit', 'Tidehunter', 'Medusa', 'Leshrac', 'Troll Warlord', 'Night Stalker']","['Batrider', 'Lycan', 'Templar Assassin', 'Lion', 'Abaddon']","['Clinkz', 'Void Spirit', 'Sand King', 'Mirana', 'Silencer']","<span class=""team__title-label"">Победа</span>",,37 : 28
OB Esports x Neon vs BOOM Esports,1.63-2.31,19.00(2.30)1.60,-,09 Сентября 14:40 2021,BTS Pro Series Season 8: Southeast Asia,BOOM Esports,"['Palos', 'Yopaj', 'Fbz', 'skem', 'PlayHard']",OB Esports x Neon,"['458', 'Mikoto', 'X1aOyU', 'Hustla', 'Jaunuel']","['Vengeful Spirit', 'Night Stalker', 'Slark', 'Sven', 'Morphling', 'Phoenix', 'Skywrath Mage']","['Pangolier', 'Lycan', 'Invoker', 'Beastmaster', 'Rubick', 'Kunkka', 'Tiny']","['Gyrocopter', 'Zeus', 'Mars', 'Omniknight', 'Mirana']","['Faceless Void', 'Lina', 'Tidehunter', 'Nyx Assassin', 'Shadow Demon']","<span class=""team__title-label"">Победа</span>",,25 : 6
OB Esports x Neon vs BOOM Esports,1.63-2.31,19.00(2.30)1.60,-,09 Сентября 14:40 2021,BTS Pro Series Season 8: Southeast Asia,BOOM Esports,"['Palos', 'Yopaj', 'Fbz', 'skem', 'PlayHard']",OB Esports x Neon,"['458', 'Mikoto', 'X1aOyU', 'Hustla', 'Jaunuel']","['Vengeful Spirit', 'Lina', 'Sven', 'Slark', 'Templar Assassin', 'Storm Spirit', 'Void Spirit']","['Omniknight', 'Gyrocopter', 'Invoker', 'Batrider', 'Bloodseeker', 'Lifestealer', 'Phantom Lancer']","['Magnus', 'Kunkka', 'Pangolier', 'Bane', 'Mirana']","['Lycan', 'Monkey King', 'Night Stalker', 'Keeper of the Light', 'Spirit Breaker']",,"<span class=""team__title-label"">Победа</span>",32 : 38
Motivate.Trust Gaming vs Army Geniuses,1.88-1.94,1.60(2.60)10.00,-,09 Сентября 12:10 2021,BTS Pro Series Season 8: Southeast Asia,Army Geniuses,"['►懒惰之神♂', 'ridiculous', 'stan mygirl', 'Mamang Daya', 'you_K']",Motivate.Trust Gaming,"['เสือเองคร้าบ', 'JaCkky', 'Masaros', 'Q', 'Boombell']","['Keeper of the Light', 'Omniknight', 'Bloodseeker', 'Phantom Lancer', 'Slark', 'Lifestealer', 'Medusa']","['Lycan', 'Vengeful Spirit', 'Clinkz', 'Mars', 'Lina', 'Legion Commander', 'Nyx Assassin']","['Sven', 'Venomancer', 'Pangolier', 'Queen of Pain', 'Bane']","['Leshrac', 'Terrorblade', 'Batrider', 'Monkey King', 'Shadow Demon']",,"<span class=""team__title-label"">Победа</span>",12 : 28
Motivate.Trust Gaming vs Army Geniuses,1.88-1.94,1.60(2.60)10.00,-,09 Сентября 12:10 2021,BTS Pro Series Season 8: Southeast Asia,Army Geniuses,"['►懒惰之神♂', 'ridiculous', 'stan mygirl', 'Mamang Daya', 'you_K']",Motivate.Trust Gaming,"['เสือเองคร้าบ', 'JaCkky', 'Masaros', 'Q', 'Boombell']","['Omniknight', 'Keeper of the Light', 'Storm Spirit', 'Terrorblade', 'Luna', 'Shadow Demon', 'Phoenix']","['Lycan', 'Bloodseeker', 'Phantom Lancer', 'Weaver', 'Slark', 'Lifestealer', 'Juggernaut']","['Leshrac', 'Vengeful Spirit', 'Monkey King', 'Queen of Pain', 'Abaddon']","['Lina', 'Gyrocopter', 'Batrider', 'Mars', 'Pangolier']",,"<span class=""team__title-label"">Победа</span>",31 : 46
Team SMG vs Yangon Galacticos,1.45-2.77,1.44(3.05)12.00,-,09 Сентября 10:10 2021,BTS Pro Series Season 8: Southeast Asia,Yangon Galacticos,"['HAW', 'Young PH', 'LuN', 'Skill Lay', 'Zawrain']",Team SMG,"['MidOne', 'Moon', 'kpii', 'ah fu', 'Roddgeee']","['Keeper of the Light', 'Silencer', 'Monkey King', 'Pangolier', 'Vengeful Spirit', 'Mars', 'Lifestealer']","['Night Stalker', 'Earthshaker', 'Clinkz', 'Lycan', 'Phantom Lancer', 'Batrider', 'Storm Spirit']","['Sven', 'Puck', 'Lion', 'Io', 'Timbersaw']","['Templar Assassin', 'Winter Wyvern', 'Venomancer', 'Alchemist', 'Abaddon']",,"<span class=""team__title-label"">Победа</span>",6 : 20
Team SMG vs Yangon Galacticos,1.45-2.77,1.44(3.05)12.00,-,09 Сентября 10:10 2021,BTS Pro Series Season 8: Southeast Asia,Yangon Galacticos,"['HAW', 'Young PH', 'LuN', 'Skill Lay', 'Zawrain']",Team SMG,"['MidOne', 'Moon', 'kpii', 'ah fu', 'Roddgeee']","['Keeper of the Light', 'Silencer', 'Phantom Lancer', 'Batrider', 'Vengeful Spirit', 'Legion Commander', 'Venomancer']","['Shadow Demon', 'Night Stalker', 'Bane', 'Pangolier', 'Templar Assassin', 'Dark Seer', 'Beastmaster']","['Clinkz', 'Storm Spirit', 'Clockwerk', 'Earth Spirit', 'Bloodseeker']","['Sven', 'Tiny', 'Tinker', 'Earthshaker', 'Invoker']","<span class=""team__title-label"">Победа</span>",,40 : 32
B8 vs Spider Pigzs,2.63-1.45,1.32-3.20,-,08 Сентября 21:10 2021,Dota 2 Champions League 2021 Season 3,B8,"['watson', 'Dendi', 'Limitless', 'TSA', 'Gatciy']",Spider Pigzs,"['lil pleb', 'No!ob', 'Funn1k', 'dnz', 'LeBron']","['Pangolier', 'Sven', 'Medusa', 'Phantom Lancer', 'Void Spirit', 'Batrider', 'Storm Spirit']","['Shadow Demon', 'Keeper of the Light', 'Undying', 'Clinkz', 'Slark', 'Morphling', 'Luna']","['Monkey King', 'Viper', 'Beastmaster', 'Lina', 'Elder Titan']","['Gyrocopter', 'Snapfire', 'Tidehunter', 'Mirana', 'Chen']","<span class=""team__title-label"">Победа</span>",,26 : 18
B8 vs Spider Pigzs,2.63-1.45,1.32-3.20,-,08 Сентября 21:10 2021,Dota 2 Champions League 2021 Season 3,Spider Pigzs,"['lil pleb', 'No!ob', 'Funn1k', 'LeBron', 'dnz']",B8,"['watson', 'Dendi', 'Limitless', 'TSA', 'Gatciy']","['Shadow Demon', 'Beastmaster', 'Faceless Void', 'Undying', 'Elder Titan', 'Juggernaut', 'Anti-Mage']","['Pangolier', 'Sven', 'Medusa', 'Slark', 'Bloodseeker', 'Queen of Pain', 'Void Spirit']","['Phantom Lancer', 'Death Prophet', 'Sand King', 'Treant Protector', 'Keeper of the Light']","['Monkey King', 'Batrider', 'Night Stalker', 'Lina', 'Disruptor']",,"<span class=""team__title-label"">Победа</span>",16 : 41
Team Spirit vs T1,2.03-1.80,1.03-10.00,-,08 Сентября 20:41 2021,OGA Dota PIT Invitational,T1,"['23savage', 'Karl', 'Kuku', 'Xepher', 'Whitemon']",Team Spirit,"['Yatoro', 'TORONTOTOKYO', 'Collapse', 'Miroslaw', 'Miposhka']","['Tidehunter', 'Bloodseeker', 'Vengeful Spirit', 'Terrorblade', 'Storm Spirit', 'Ember Spirit', 'Viper']","['Bane', 'Batrider', 'Doom', 'Lycan', 'Treant Protector', 'Lina', 'Leshrac']","['Luna', 'Razor', 'Beastmaster', 'Shadow Demon', 'Disruptor']","['Gyrocopter', 'Invoker', 'Night Stalker', 'Lion', 'Keeper of the Light']",,"<span class=""team__title-label"">Победа</span>",24 : 42
Team Spirit vs T1,2.03-1.80,1.03-10.00,-,08 Сентября 20:41 2021,OGA Dota PIT Invitational,T1,"['23savage', 'Karl', 'Kuku', 'Xepher', 'Whitemon']",Team Spirit,"['Yatoro', 'TORONTOTOKYO', 'Collapse', 'Miroslaw', 'Miposhka']","['Night Stalker', 'Keeper of the Light', 'Tidehunter', 'Beastmaster', 'Bloodseeker', 'Invoker', 'Storm Spirit']","['Omniknight', 'Vengeful Spirit', 'Doom', 'Monkey King', 'Sven', 'Lina', 'Batrider']","['Lifestealer', 'Leshrac', 'Magnus', 'Shadow Demon', 'Lich']","['Gyrocopter', 'Void Spirit', 'Axe', 'Phoenix', 'Bane']",,"<span class=""team__title-label"">Победа</span>",9 : 31
PSG.LGD vs Tundra Esports,1.74-2.02,1.03-10.00,-,08 Сентября 18:40 2021,OGA Dota PIT Invitational,Tundra Esports,"['Skiter', 'Nine', '33', 'Sneyking', 'FATA-']",PSG.LGD,"['Ame', 'xiao8', 'Faith_bian', 'XinQ', 'y`']","['Io', 'Vengeful Spirit', 'Beastmaster', 'Pangolier', 'Tidehunter', 'Faceless Void', 'Slark']","['Batrider', 'Keeper of the Light', 'Luna', 'Gyrocopter', 'Troll Warlord', 'Storm Spirit', 'Void Spirit']","['Sven', 'Dark Seer', 'Night Stalker', 'Shadow Demon', 'Jakiro']","['Bloodseeker', 'Venomancer', 'Lycan', 'Monkey King', 'Bane']",,"<span class=""team__title-label"">Победа</span>",9 : 30
PSG.LGD vs Tundra Esports,1.74-2.02,1.03-10.00,-,08 Сентября 18:40 2021,OGA Dota PIT Invitational,PSG.LGD,"['Ame', 'xiao8', 'Faith_bian', 'XinQ', 'y`']",Tundra Esports,"['Skiter', 'Nine', '33', 'Sneyking', 'FATA-']","['Keeper of the Light', 'Gyrocopter', 'Troll Warlord', 'Medusa', 'Luna', 'Tidehunter', 'Brewmaster']","['Io', 'Monkey King', 'Phantom Lancer', 'Silencer', 'Sven', 'Spectre', 'Slark']","['Morphling', 'Batrider', 'Beastmaster', 'Snapfire', 'Elder Titan']","['Clinkz', 'Oracle', 'Vengeful Spirit', 'Lion', 'Abaddon']","<span class=""team__title-label"">Победа</span>",,26 : 8
HellRaisers vs qwerty44,1.06-8.45,1.04-9.30,-,08 Сентября 18:10 2021,Dota 2 Champions League 2021 Season 3,qwerty44,"['kom4rt', 'USHUSHUSH', 'Airu', 'Petru44o', 'Fezor']",HellRaisers,"['Resolut1on', 're1bl', '9pasha', 'Zayac', 'ALWAYSWANNAFLY']","['Keeper of the Light', 'Sven', 'Storm Spirit', 'Templar Assassin', 'Invoker', 'Monkey King', 'Slark']","['Omniknight', 'Lina', 'Clinkz', 'Enchantress', 'Phantom Lancer', 'Sand King', 'Viper']","['Sniper', 'Pangolier', 'Bloodseeker', 'Hoodwink', 'Undying']","['Spectre', 'Ember Spirit', 'Beastmaster', 'Shadow Demon', 'Phoenix']",,"<span class=""team__title-label"">Победа</span>",24 : 32
HellRaisers vs qwerty44,1.06-8.45,1.04-9.30,-,08 Сентября 18:10 2021,Dota 2 Champions League 2021 Season 3,HellRaisers,"['Resolut1on', 're1bl', '9pasha', 'Zayac', 'ALWAYSWANNAFLY']",qwerty44,"['kom4rt', 'USHUSHUSH', 'Airu', 'Petru44o', 'Fezor']","['Keeper of the Light', 'Lina', 'Night Stalker', 'Tidehunter', 'Beastmaster', 'Invoker', 'Queen of Pain']","['Sven', 'Shadow Demon', 'Leshrac', 'Puck', 'Ember Spirit', 'Faceless Void', 'Monkey King']","['Gyrocopter', 'Storm Spirit', 'Vengeful Spirit', 'Undying', 'Phoenix']","['Phantom Lancer', 'Pangolier', 'Bloodseeker', 'Hoodwink', 'Bane']","<span class=""team__title-label"">Победа</span>",,33 : 27
Motivate.Trust Gaming vs BOOM Esports,1.41-2.96,8.20(1.90)2.16,-,08 Сентября 16:30 2021,BTS Pro Series Season 8: Southeast Asia,Motivate.Trust Gaming,"['เสือเองคร้าบ', 'JaCkky', 'Masaros', 'Q', 'Boombell']",BOOM Esports,"['Palos', 'Yopaj', 'Fbz', 'skem', 'PlayHard']","['Io', 'Vengeful Spirit', 'Abaddon', 'Batrider', 'Templar Assassin', 'Storm Spirit', 'Invoker']","['Omniknight', 'Keeper of the Light', 'Void Spirit', 'Death Prophet', 'Kunkka', 'Leshrac', 'Ember Spirit']","['Magnus', 'Riki', 'Bloodseeker', 'Monkey King', 'Bane']","['Phantom Lancer', 'Queen of Pain', 'Mars', 'Gyrocopter', 'Pangolier']",,"<span class=""team__title-label"">Победа</span>",26 : 38
Motivate.Trust Gaming vs BOOM Esports,1.41-2.96,8.20(1.90)2.16,-,08 Сентября 16:30 2021,BTS Pro Series Season 8: Southeast Asia,Motivate.Trust Gaming,"['เสือเองคร้าบ', 'JaCkky', 'Masaros', 'Q', 'Boombell']",BOOM Esports,"['Palos', 'Yopaj', 'Fbz', 'skem', 'PlayHard']","['Io', 'Bloodseeker', 'Mars', 'Clinkz', 'Lifestealer', 'Gyrocopter', 'Anti-Mage']","['Omniknight', 'Pangolier', 'Kunkka', 'Death Prophet', 'Ember Spirit', 'Templar Assassin', 'Void Spirit']","['Keeper of the Light', 'Luna', 'Tiny', 'Sand King', 'Bane']","['Monkey King', 'Invoker', 'Night Stalker', 'Tidehunter', 'Windranger']",,"<span class=""team__title-label"">Победа</span>",26 : 37
T1 vs SG e-sports,1.24-3.82,1.07-7.50,-,08 Сентября 15:42 2021,OGA Dota PIT Invitational,SG e-sports,"['Costabile', '4dr', 'tavo', 'Thiolicor', 'KJ']",T1,"['23savage', 'Karl', 'Kuku', 'Xepher', 'Whitemon']","['Shadow Demon', 'Batrider', 'Storm Spirit', 'Disruptor', 'Kunkka', 'Void Spirit', 'Ember Spirit']","['Clinkz', 'Sven', 'Beastmaster', 'Phoenix', 'Invoker', 'Viper', 'Venomancer']","['Luna', 'Leshrac', 'Mars', 'Lion', 'Io']","['Monkey King', 'Queen of Pain', 'Vengeful Spirit', 'Mirana', 'Bane']",,"<span class=""team__title-label"">Победа</span>",16 : 34
T1 vs SG e-sports,1.24-3.82,1.07-7.50,-,08 Сентября 15:42 2021,OGA Dota PIT Invitational,T1,"['23savage', 'Karl', 'Kuku', 'Xepher', 'Whitemon']",SG e-sports,"['Costabile', '4dr', 'tavo', 'Thiolicor', 'KJ']","['Clinkz', 'Sven', 'Phoenix', 'Beastmaster', 'Queen of Pain', 'Viper', 'Dragon Knight']","['Shadow Demon', 'Batrider', 'Storm Spirit', 'Vengeful Spirit', 'Void Spirit', 'Templar Assassin', 'Kunkka']","['Monkey King', 'Doom', 'Tidehunter', 'Lina', 'Bane']","['Luna', 'Invoker', 'Venomancer', 'Mirana', 'Io']",,"<span class=""team__title-label"">Победа</span>",12 : 26
T1 vs SG e-sports,1.24-3.82,1.07-7.50,-,08 Сентября 15:42 2021,OGA Dota PIT Invitational,SG e-sports,"['Costabile', '4dr', 'tavo', 'Thiolicor', 'KJ']",T1,"['23savage', 'Karl', 'Kuku', 'Xepher', 'Whitemon']","['Shadow Demon', 'Batrider', 'Pangolier', 'Elder Titan', 'Winter Wyvern', 'Ember Spirit', 'Sand King']","['Sven', 'Clinkz', 'Invoker', 'Vengeful Spirit', 'Viper', 'Leshrac', 'Lina']","['Terrorblade', 'Void Spirit', 'Dragon Knight', 'Mirana', 'Tidehunter']","['Luna', 'Doom', 'Legion Commander', 'Keeper of the Light', 'Disruptor']",,"<span class=""team__title-label"">Победа</span>",6 : 19
Nemiga Gaming vs V-Gaming,2.79-1.40,1.09-6.50,-,08 Сентября 15:20 2021,Dota 2 Champions League 2021 Season 3,V-Gaming,"['MALYW GRUT !', 'Naive-', 'destroyed', 'ArrOw', 'malady']",Nemiga Gaming,"['Капец)', 'Kiritych', 'TheChosenOne', 'Haaven', 'Lodine']","['Keeper of the Light', 'Pangolier', 'Tiny', 'Beastmaster', 'Razor', 'Pugna', 'Invoker']","['Shadow Demon', 'Night Stalker', 'Slark', 'Treant Protector', 'Lifestealer', 'Juggernaut', 'Bloodseeker']","['Lina', 'Weaver', 'Tidehunter', 'Rubick', 'Lich']","['Batrider', 'Sven', 'Vengeful Spirit', 'Dark Willow', 'Omniknight']",,"<span class=""team__title-label"">Победа</span>",26 : 34
Nemiga Gaming vs V-Gaming,2.79-1.40,1.09-6.50,-,08 Сентября 15:20 2021,Dota 2 Champions League 2021 Season 3,Nemiga Gaming,"['Капец)', 'Kiritych', 'TheChosenOne', 'Haaven', 'Lodine']",V-Gaming,"['MALYW GRUT !', 'Naive-', 'destroyed', 'ArrOw', 'malady']","['Night Stalker', 'Tidehunter', 'Disruptor', 'Treant Protector', 'Bloodseeker', 'Mars', 'Axe']","['Pangolier', 'Omniknight', 'Batrider', 'Clockwerk', 'Phantom Lancer', 'Templar Assassin', 'Void Spirit']","['Razor', 'Slark', 'Beastmaster', 'Lina', 'Vengeful Spirit']","['Invoker', 'Gyrocopter', 'Silencer', 'Shadow Demon', 'Faceless Void']","<span class=""team__title-label"">Победа</span>",,25 : 9
Galaxy Racer Esports vs Dream Maker,2.00-1.83,1.50(2.65)15.00,-,08 Сентября 14:40 2021,BTS Pro Series Season 8: Southeast Asia,Dream Maker,"['Chidori~', 'Rosieareroses', 'Nevermine', 'Czy', 'TrazaM']",Galaxy Racer Esports,"['inYourdreaM', 'AlaCrity', 'Meracle', 'Poloson', 'Jhocam']","['Pangolier', 'Abaddon', 'Luna', 'Gyrocopter', 'Night Stalker', 'Dark Seer', 'Void Spirit']","['Mirana', 'Sven', 'Silencer', 'Storm Spirit', 'Slark', 'Puck', 'Queen of Pain']","['Lifestealer', 'Keeper of the Light', 'Legion Commander', 'Lion', 'Lich']","['Monkey King', 'Batrider', 'Outworld Destroyer', 'Omniknight', 'Nyx Assassin']",,"<span class=""team__title-label"">Победа</span>",8 : 38
Galaxy Racer Esports vs Dream Maker,2.00-1.83,1.50(2.65)15.00,-,08 Сентября 14:40 2021,BTS Pro Series Season 8: Southeast Asia,Dream Maker,"['Chidori~', 'Rosieareroses', 'Nevermine', 'Czy', 'TrazaM']",Galaxy Racer Esports,"['inYourdreaM', 'AlaCrity', 'Meracle', 'Poloson', 'Jhocam']","['Vengeful Spirit', 'Enchantress', 'Dark Seer', 'Medusa', 'Tidehunter', 'Troll Warlord', 'Gyrocopter']","['Mirana', 'Sven', 'Batrider', 'Storm Spirit', 'Night Stalker', 'Lina', 'Ember Spirit']","['Clinkz', 'Void Spirit', 'Beastmaster', 'Windranger', 'Omniknight']","['Weaver', 'Puck', 'Bloodseeker', 'Pangolier', 'Monkey King']","<span class=""team__title-label"">Победа</span>",,29 : 16
Fnatic vs Team Spirit,2.14-1.72,1.97-1.77,-,08 Сентября 13:10 2021,OGA Dota PIT Invitational,Team Spirit,"['Yatoro', 'TORONTOTOKYO', 'Collapse', 'Miroslaw', 'Miposhka']",Fnatic,"['Raven', 'CHYuan', 'Deth', 'Jabz', 'DJ']","['Omniknight', 'Night Stalker', 'Sven', 'Clinkz', 'Luna', 'Sniper', 'Monkey King']","['Keeper of the Light', 'Vengeful Spirit', 'Tidehunter', 'Bloodseeker', 'Storm Spirit', 'Mars', 'Legion Commander']","['Gyrocopter', 'Queen of Pain', 'Pangolier', 'Dark Willow', 'Bane']","['Medusa', 'Batrider', 'Lycan', 'Shadow Demon', 'Abaddon']","<span class=""team__title-label"">Победа</span>",,24 : 11
Fnatic vs Team Spirit,2.14-1.72,1.97-1.77,-,08 Сентября 13:10 2021,OGA Dota PIT Invitational,Fnatic,"['Raven', 'CHYuan', 'Deth', 'Jabz', 'DJ']",Team Spirit,"['Yatoro', 'TORONTOTOKYO', 'Collapse', 'Miroslaw', 'Miposhka']","['Keeper of the Light', 'Bane', 'Lina', 'Invoker', 'Puck', 'Anti-Mage', 'Medusa']","['Vengeful Spirit', 'Clinkz', 'Omniknight', 'Monkey King', 'Gyrocopter', 'Sniper', 'Phantom Lancer']","['Templar Assassin', 'Storm Spirit', 'Brewmaster', 'Rubick', 'Night Stalker']","['Luna', 'Tiny', 'Bloodseeker', 'Mirana', 'Shadow Demon']",,"<span class=""team__title-label"">Победа</span>",18 : 19
Team SMG vs Execration,-,1.53(2.50)16.00,-,08 Сентября 12:40 2021,BTS Pro Series Season 8: Southeast Asia,Execration,"['666', 'Ao', 'Tino', 'BDz', 'Rr']",Team SMG,"['MidOne', 'Moon', 'kpii', 'ah fu', 'Roddgeee']","['Nyx Assassin', 'Night Stalker', 'Shadow Demon', 'Sven', 'Tidehunter', 'Tinker', 'Leshrac']","['Silencer', 'Keeper of the Light', 'Grimstroke', 'Clinkz', 'Batrider', 'Templar Assassin', 'Luna']","['Void Spirit', 'Shadow Fiend', 'Lycan', 'Rubick', 'Omniknight']","['Monkey King', 'Lina', 'Bloodseeker', 'Earthshaker', 'Pangolier']",,"<span class=""team__title-label"">Победа</span>",33 : 41
Team SMG vs Execration,-,1.53(2.50)16.00,-,08 Сентября 12:40 2021,BTS Pro Series Season 8: Southeast Asia,Execration,"['Ao', '666', 'Tino', 'BDz', 'Rr']",Team SMG,"['MidOne', 'Moon', 'kpii', 'ah fu', 'Roddgeee']","['Night Stalker', 'Keeper of the Light', 'Storm Spirit', 'Sven', 'Phantom Assassin', 'Puck', 'Doom']","['Omniknight', 'Abaddon', 'Batrider', 'Templar Assassin', 'Clinkz', 'Lina', 'Invoker']","['Queen of Pain', 'Pangolier', 'Bloodseeker', 'Clockwerk', 'Nyx Assassin']","['Monkey King', 'Silencer', 'Lycan', 'Earthshaker', 'Disruptor']",,"<span class=""team__title-label"">Победа</span>",28 : 45
V-Gaming vs qwerty44,1.02-15.20,1.03-10.00,-,08 Сентября 12:20 2021,Dota 2 Champions League 2021 Season 3,V-Gaming,"['MALYW GRUT !', 'Naive-', 'destroyed', 'ArrOw', 'malady']",qwerty44,"['kom4rt', 'USHUSHUSH', 'Airu', 'Petru44o', 'Fezor']","['Omniknight', 'Lina', 'Phantom Lancer', 'Medusa', 'Storm Spirit', 'Templar Assassin', 'Invoker']","['Disruptor', 'Night Stalker', 'Treant Protector', 'Batrider', 'Luna', 'Pudge', 'Abaddon']","['Shadow Fiend', 'Bloodseeker', 'Tidehunter', 'Shadow Demon', 'Vengeful Spirit']","['Morphling', 'Ember Spirit', 'Monkey King', 'Keeper of the Light', 'Pangolier']","<span class=""team__title-label"">Победа</span>",,43 : 48
V-Gaming vs qwerty44,1.02-15.20,1.03-10.00,-,08 Сентября 12:20 2021,Dota 2 Champions League 2021 Season 3,qwerty44,"['kom4rt', 'USHUSHUSH', 'Airu', 'Petru44o', 'Fezor']",V-Gaming,"['MALYW GRUT !', 'Naive-', 'destroyed', 'ArrOw', 'malady']","['Disruptor', 'Shadow Demon', 'Batrider', 'Vengeful Spirit', 'Rubick', 'Luna', 'Clinkz']","['Night Stalker', 'Lina', 'Phantom Lancer', 'Medusa', 'Omniknight', 'Necrophos', 'Viper']","['Drow Ranger', 'Storm Spirit', 'Monkey King', 'Keeper of the Light', 'Pudge']","['Invoker', 'Weaver', 'Bloodseeker', 'Lion', 'Treant Protector']",,"<span class=""team__title-label"">Победа</span>",26 : 48
Thunder Predator vs SG e-sports,1.80-2.03,8.00-1.06,-,07 Сентября 23:20 2021,OGA Dota PIT Invitational,Thunder Predator,"['Mnz', 'Leostyle-', 'Frank', 'MoOz', 'Mjz']",SG e-sports,"['Costabile', '4dr', 'tavo', 'Thiolicor', 'KJ']","['Clinkz', 'Bloodseeker', 'Queen of Pain', 'Storm Spirit', 'Beastmaster', 'Lycan', 'Doom']","['Pangolier', 'Tidehunter', 'Undying', 'Slark', 'Night Stalker', 'Gyrocopter', 'Terrorblade']","['Faceless Void', 'Batrider', 'Vengeful Spirit', 'Tusk', 'Phoenix']","['Sven', 'Invoker', 'Mars', 'Shadow Demon', 'Omniknight']",,"<span class=""team__title-label"">Победа</span>",15 : 26
Thunder Predator vs SG e-sports,1.80-2.03,8.00-1.06,-,07 Сентября 23:20 2021,OGA Dota PIT Invitational,SG e-sports,"['Costabile', '4dr', 'tavo', 'Thiolicor', 'KJ']",Thunder Predator,"['Mnz', 'Leostyle-', 'Frank', 'MoOz', 'Mjz']","['Pangolier', 'Mars', 'Beastmaster', 'Bloodseeker', 'Sven', 'Slark', 'Phantom Lancer']","['Vengeful Spirit', 'Omniknight', 'Storm Spirit', 'Shadow Demon', 'Lycan', 'Tidehunter', 'Sand King']","['Clinkz', 'Invoker', 'Dragon Knight', 'Mirana', 'Faceless Void']","['Gyrocopter', 'Batrider', 'Centaur Warrunner', 'Night Stalker', 'Ancient Apparition']","<span class=""team__title-label"">Победа</span>",,22 : 15
Team Undying vs Team Spirit,2.04-1.79,1.87-1.87,-,07 Сентября 19:30 2021,OGA Dota PIT Invitational,Team Spirit,"['Yatoro', 'TORONTOTOKYO', 'Collapse', 'Miroslaw', 'Miposhka']",Team Undying,"['Timado', 'bryle', 'SabeRLighT-', 'MoonMeander', 'DuBu']","['Keeper of the Light', 'Tidehunter', 'Slark', 'Sven', 'Beastmaster', 'Earthshaker', 'Grimstroke']","['Bane', 'Night Stalker', 'Shadow Demon', 'Invoker', 'Pangolier', 'Mars', 'Elder Titan']","['Faceless Void', 'Clinkz', 'Vengeful Spirit', 'Spirit Breaker', 'Ancient Apparition']","['Monkey King', 'Leshrac', 'Lycan', 'Mirana', 'Omniknight']",,"<span class=""team__title-label"">Победа</span>",10 : 36
Team Undying vs Team Spirit,2.04-1.79,1.87-1.87,-,07 Сентября 19:30 2021,OGA Dota PIT Invitational,Team Undying,"['Timado', 'bryle', 'SabeRLighT-', 'MoonMeander', 'DuBu']",Team Spirit,"['Yatoro', 'TORONTOTOKYO', 'Collapse', 'Miroslaw', 'Miposhka']","['Night Stalker', 'Bane', 'Queen of Pain', 'Slark', 'Lina', 'Phantom Assassin', 'Sven']","['Keeper of the Light', 'Vengeful Spirit', 'Tidehunter', 'Omniknight', 'Sand King', 'Beastmaster', 'Underlord']","['Clinkz', 'Batrider', 'Lycan', 'Disruptor', 'Elder Titan']","['Bloodseeker', 'Storm Spirit', 'Mars', 'Mirana', 'Shadow Demon']",,"<span class=""team__title-label"">Победа</span>",13 : 37
Team Undying vs Team Spirit,2.04-1.79,1.87-1.87,-,07 Сентября 19:30 2021,OGA Dota PIT Invitational,Team Undying,"['Timado', 'bryle', 'SabeRLighT-', 'MoonMeander', 'DuBu']",Team Spirit,"['Yatoro', 'TORONTOTOKYO', 'Collapse', 'Miroslaw', 'Miposhka']","['Vengeful Spirit', 'Night Stalker', 'Clinkz', 'Puck', 'Invoker', 'Beastmaster', 'Faceless Void']","['Omniknight', 'Tidehunter', 'Mirana', 'Monkey King', 'Luna', 'Morphling', 'Juggernaut']","['Sven', 'Storm Spirit', 'Mars', 'Pangolier', 'Bane']","['Gyrocopter', 'Ember Spirit', 'Bloodseeker', 'Rubick', 'Keeper of the Light']",,"<span class=""team__title-label"">Победа</span>",26 : 33
PuckChamp vs qwerty44,1.03-12.66,1.06-8.00,-,07 Сентября 18:10 2021,Dota 2 Champions League 2021 Season 3,qwerty44,"['kom4rt', 'USHUSHUSH', 'Airu', 'Petru44o', 'Fezor']",PuckChamp,"['krylat', 'young G', 'meLes', 'Astral', 'Dukalis']","['Omniknight', 'Lina', 'Sven', 'Gyrocopter', 'Clinkz', 'Lifestealer', 'Luna']","['Invoker', 'Night Stalker', 'Batrider', 'Medusa', 'Phantom Lancer', 'Slark', 'Chaos Knight']","['Bloodseeker', 'Shadow Fiend', 'Pangolier', 'Lion', 'Shadow Demon']","['Monkey King', 'Storm Spirit', 'Mars', 'Keeper of the Light', 'Treant Protector']",,"<span class=""team__title-label"">Победа</span>",23 : 34
PuckChamp vs qwerty44,1.03-12.66,1.06-8.00,-,07 Сентября 18:10 2021,Dota 2 Champions League 2021 Season 3,qwerty44,"['kom4rt', 'USHUSHUSH', 'Airu', 'Petru44o', 'Fezor']",PuckChamp,"['krylat', 'young G', 'meLes', 'Astral', 'Dukalis']","['Keeper of the Light', 'Gyrocopter', 'Sand King', 'Bloodseeker', 'Mars', 'Leshrac', 'Puck']","['Invoker', 'Pangolier', 'Slark', 'Tidehunter', 'Clinkz', 'Undying', 'Phoenix']","['Phantom Lancer', 'Lina', 'Vengeful Spirit', 'Clockwerk', 'Winter Wyvern']","['Sven', 'Ember Spirit', 'Night Stalker', 'Shadow Demon', 'Omniknight']",,"<span class=""team__title-label"">Победа</span>",6 : 28
Motivate.Trust Gaming vs Polaris Esports,1.97-1.78,1.72(2.31)10.00,-,07 Сентября 16:36 2021,BTS Pro Series Season 8: Southeast Asia,Motivate.Trust Gaming,"['เสือเองคร้าบ', 'JaCkky', 'Masaros', 'Q', 'Boombell']",Polaris Esports,"['Natsumi-', 'Mac', 'Nikko', 'Boomy', 'cml']","['Lycan', 'Rubick', 'Nyx Assassin', 'Phantom Lancer', 'Clinkz', 'Void Spirit', 'Invoker']","['Keeper of the Light', 'Lina', 'Sven', 'Pangolier', 'Luna', 'Dark Seer', 'Tidehunter']","['Storm Spirit', 'Gyrocopter', 'Batrider', 'Earth Spirit', 'Omniknight']","['Terrorblade', 'Leshrac', 'Legion Commander', 'Earthshaker', 'Enchantress']","<span class=""team__title-label"">Победа</span>",,28 : 18
Motivate.Trust Gaming vs Polaris Esports,1.97-1.78,1.72(2.31)10.00,-,07 Сентября 16:36 2021,BTS Pro Series Season 8: Southeast Asia,Motivate.Trust Gaming,"['เสือเองคร้าบ', 'JaCkky', 'Masaros', 'Q', 'Boombell']",Polaris Esports,"['Natsumi-', 'Mac', 'Nikko', 'Boomy', 'cml']","['Lycan', 'Nyx Assassin', 'Batrider', 'Lion', 'Clinkz', 'Pudge', 'Bloodseeker']","['Omniknight', 'Keeper of the Light', 'Magnus', 'Lina', 'Winter Wyvern', 'Tidehunter', 'Pangolier']","['Death Prophet', 'Luna', 'Void Spirit', 'Monkey King', 'Bane']","['Gyrocopter', 'Kunkka', 'Vengeful Spirit', 'Leshrac', 'Abaddon']","<span class=""team__title-label"">Победа</span>",,35 : 17
Fnatic vs Tundra Esports,2.92-1.42,3.75-1.25,-,07 Сентября 16:10 2021,OGA Dota PIT Invitational,Tundra Esports,"['Skiter', 'Nine', '33', 'Sneyking', 'FATA-']",Fnatic,"['Raven', 'CHYuan', 'Deth', 'Jabz', 'DJ']","['Clinkz', 'Vengeful Spirit', 'Storm Spirit', 'Phantom Lancer', 'Tidehunter', 'Venomancer', 'Beastmaster']","['Batrider', 'Keeper of the Light', 'Luna', 'Omniknight', 'Templar Assassin', 'Kunkka', 'Leshrac']","['Sven', 'Night Stalker', 'Lycan', 'Shadow Demon', 'Gyrocopter']","['Morphling', 'Void Spirit', 'Chaos Knight', 'Monkey King', 'Bane']","<span class=""team__title-label"">Победа</span>",,21 : 12
Fnatic vs Tundra Esports,2.92-1.42,3.75-1.25,-,07 Сентября 16:10 2021,OGA Dota PIT Invitational,Fnatic,"['Raven', 'CHYuan', 'Deth', 'Jabz', 'DJ']",Tundra Esports,"['Skiter', 'Nine', '33', 'Sneyking', 'FATA-']","['Batrider', 'Keeper of the Light', 'Lycan', 'Beastmaster', 'Brewmaster', 'Mirana', 'Lina']","['Vengeful Spirit', 'Clinkz', 'Storm Spirit', 'Sven', 'Slark', 'Tinker', 'Pugna']","['Luna', 'Zeus', 'Night Stalker', 'Shadow Demon', 'Pangolier']","['Terrorblade', 'Earth Spirit', 'Tidehunter', 'Monkey King', 'Gyrocopter']","<span class=""team__title-label"">Победа</span>",,36 : 9
Fnatic vs Tundra Esports,2.92-1.42,3.75-1.25,-,07 Сентября 16:10 2021,OGA Dota PIT Invitational,Fnatic,"['Raven', 'CHYuan', 'Deth', 'Jabz', 'DJ']",Tundra Esports,"['Skiter', 'Nine', '33', 'Sneyking', 'FATA-']","['Batrider', 'Shadow Demon', 'Tidehunter', 'Beastmaster', 'Luna', 'Medusa', 'Clinkz']","['Vengeful Spirit', 'Monkey King', 'Storm Spirit', 'Bloodseeker', 'Void Spirit', 'Mars', 'Axe']","['Sven', 'Lina', 'Doom', 'Phoenix', 'Omniknight']","['Faceless Void', 'Leshrac', 'Night Stalker', 'Keeper of the Light', 'Bane']",,"<span class=""team__title-label"">Победа</span>",16 : 33
BOOM Esports vs Yangon Galacticos,1.51-2.61,1.62(2.50)10.50,-,07 Сентября 14:30 2021,BTS Pro Series Season 8: Southeast Asia,BOOM Esports,"['Palos', 'Yopaj', 'Fbz', 'skem', 'PlayHard']",Yangon Galacticos,"['HAW', 'Young PH', 'LuN', 'Skill Lay', 'Zawrain']","['Clinkz', 'Vengeful Spirit', 'Mars', 'Kunkka', 'Ember Spirit', 'Batrider', 'Snapfire']","['Keeper of the Light', 'Pangolier', 'Doom', 'Puck', 'Night Stalker', 'Lina', 'Leshrac']","['Gyrocopter', 'Invoker', 'Beastmaster', 'Io', 'Lion']","['Morphling', 'Tiny', 'Abaddon', 'Grimstroke', 'Brewmaster']","<span class=""team__title-label"">Победа</span>",,23 : 7
BOOM Esports vs Yangon Galacticos,1.51-2.61,1.62(2.50)10.50,-,07 Сентября 14:30 2021,BTS Pro Series Season 8: Southeast Asia,BOOM Esports,"['Palos', 'Yopaj', 'Fbz', 'skem', 'PlayHard']",Yangon Galacticos,"['HAW', 'Young PH', 'LuN', 'Skill Lay', 'Zawrain']","['Clinkz', 'Vengeful Spirit', 'Templar Assassin', 'Mars', 'Phoenix', 'Lina', 'Batrider']","['Keeper of the Light', 'Night Stalker', 'Beastmaster', 'Nyx Assassin', 'Lifestealer', 'Viper', 'Doom']","['Sven', 'Invoker', 'Outworld Destroyer', 'Io', 'Pangolier']","['Faceless Void', 'Void Spirit', 'Winter Wyvern', 'Earthshaker', 'Leshrac']","<span class=""team__title-label"">Победа</span>",,38 : 15
B8 vs Team Empire,3.80-1.24,7.00-1.08,-,07 Сентября 13:10 2021,Dota 2 Champions League 2021 Season 3,Team Empire,"['Shachlo', 'Smiling Knight', 'Lorenof', 'sayuw', 'VANSKOR']",B8,"['watson', 'Dendi', 'Limitless', 'TSA', 'Gatciy']","['Beastmaster', 'Shadow Demon', 'Undying', 'Elder Titan', 'Viper', 'Invoker', 'Queen of Pain']","['Lina', 'Omniknight', 'Batrider', 'Storm Spirit', 'Slark', 'Ember Spirit', 'Leshrac']","['Tidehunter', 'Medusa', 'Razor', 'Mirana', 'Bane']","['Sven', 'Void Spirit', 'Night Stalker', 'Keeper of the Light', 'Disruptor']","<span class=""team__title-label"">Победа</span>",,19 : 2
B8 vs Team Empire,3.80-1.24,7.00-1.08,-,07 Сентября 13:10 2021,Dota 2 Champions League 2021 Season 3,Team Empire,"['Shachlo', 'Smiling Knight', 'Lorenof', 'sayuw', 'VANSKOR']",B8,"['watson', 'Dendi', 'Limitless', 'TSA', 'Gatciy']","['Beastmaster', 'Night Stalker', 'Elder Titan', 'Undying', 'Treant Protector', 'Mars', 'Sand King']","['Omniknight', 'Keeper of the Light', 'Sven', 'Batrider', 'Medusa', 'Ember Spirit', 'Lina']","['Bloodseeker', 'Slark', 'Windranger', 'Shadow Demon', 'Disruptor']","['Clinkz', 'Queen of Pain', 'Viper', 'Earth Spirit', 'Vengeful Spirit']","<span class=""team__title-label"">Победа</span>",,38 : 25
PSG.LGD vs T1,1.54-2.50,1.25-3.75,-,07 Сентября 13:10 2021,OGA Dota PIT Invitational,T1,"['23savage', 'Karl', 'Kuku', 'Xepher', 'Whitemon']",PSG.LGD,"['Ame', 'xiao8', 'Faith_bian', 'XinQ', 'y`']","['Io', 'Clinkz', 'Viper', 'Vengeful Spirit', 'Night Stalker', 'Anti-Mage', 'Medusa']","['Batrider', 'Void Spirit', 'Faceless Void', 'Beastmaster', 'Venomancer', 'Sand King', 'Bloodseeker']","['Sven', 'Leshrac', 'Mars', 'Shadow Demon', 'Omniknight']","['Monkey King', 'Spirit Breaker', 'Necrophos', 'Tinker', 'Silencer']","<span class=""team__title-label"">Победа</span>",,34 : 25
PSG.LGD vs T1,1.54-2.50,1.25-3.75,-,07 Сентября 13:10 2021,OGA Dota PIT Invitational,PSG.LGD,"['Ame', 'xiao8', 'Faith_bian', 'XinQ', 'y`']",T1,"['23savage', 'Karl', 'Kuku', 'Xepher', 'Whitemon']","['Shadow Demon', 'Keeper of the Light', 'Queen of Pain', 'Invoker', 'Pangolier', 'Tidehunter', 'Magnus']","['Io', 'Vengeful Spirit', 'Night Stalker', 'Silencer', 'Bane', 'Clockwerk', 'Faceless Void']","['Spectre', 'Batrider', ""Nature's Prophet"", 'Monkey King', 'Elder Titan']","['Clinkz', 'Lina', 'Mars', 'Lion', 'Omniknight']","<span class=""team__title-label"">Победа</span>",,44 : 14
PSG.LGD vs T1,1.54-2.50,1.25-3.75,-,07 Сентября 13:10 2021,OGA Dota PIT Invitational,T1,"['23savage', 'Karl', 'Kuku', 'Xepher', 'Whitemon']",PSG.LGD,"['Ame', 'xiao8', 'Faith_bian', 'XinQ', 'y`']","['Io', 'Clinkz', 'Phantom Lancer', 'Terrorblade', 'Doom', 'Lycan', 'Beastmaster']","['Shadow Demon', 'Batrider', 'Medusa', 'Treant Protector', 'Omniknight', 'Viper', 'Phoenix']","['Faceless Void', 'Leshrac', 'Night Stalker', 'Vengeful Spirit', 'Warlock']","['Monkey King', 'Lina', 'Tidehunter', 'Elder Titan', 'Bane']",,"<span class=""team__title-label"">Победа</span>",18 : 36
Execration vs OB Esports x Neon,-,11.00(2.25)1.75,-,07 Сентября 12:10 2021,BTS Pro Series Season 8: Southeast Asia,Execration,"['666', 'Ao', 'Tino', 'BDz', 'Rr']",OB Esports x Neon,"['458', 'Mikoto', 'X1aOyU', 'Hustla', 'Jaunuel']","['Nyx Assassin', 'Lina', 'Storm Spirit', 'Clockwerk', 'Faceless Void', 'Weaver', 'Phantom Lancer']","['Lycan', 'Omniknight', 'Bounty Hunter', 'Vengeful Spirit', 'Bloodseeker', 'Templar Assassin', 'Batrider']","['Keeper of the Light', 'Ember Spirit', 'Slark', 'Pangolier', 'Shadow Demon']","['Anti-Mage', 'Puck', 'Night Stalker', 'Mirana', 'Bane']",,"<span class=""team__title-label"">Победа</span>",16 : 40
Execration vs OB Esports x Neon,-,11.00(2.25)1.75,-,07 Сентября 12:10 2021,BTS Pro Series Season 8: Southeast Asia,Execration,"['Ao', '666', 'Tino', 'BDz', 'Rr']",OB Esports x Neon,"['458', 'Mikoto', 'X1aOyU', 'Hustla', 'Jaunuel']","['Lina', 'Nyx Assassin', 'Bloodseeker', 'Batrider', 'Timbersaw', 'Weaver', 'Anti-Mage']","['Lycan', 'Omniknight', 'Puck', 'Storm Spirit', 'Templar Assassin', 'Kunkka', 'Shadow Fiend']","['Void Spirit', 'Night Stalker', 'Phantom Lancer', 'Snapfire', 'Pangolier']","['Slark', 'Ember Spirit', 'Vengeful Spirit', 'Keeper of the Light', 'Undying']","<span class=""team__title-label"">Победа</span>",,36 : 35
Team SMG vs Army Geniuses,1.72-2.14,1.65(2.45)10.50,-,07 Сентября 10:10 2021,BTS Pro Series Season 8: Southeast Asia,Army Geniuses,"['►懒惰之神♂', 'ridiculous', 'stan mygirl', 'Mamang Daya', 'you_K']",Team SMG,"['MidOne', 'Moon', 'kpii', 'ah fu', 'Roddgeee']","['Omniknight', 'Abaddon', 'Lifestealer', 'Juggernaut', 'Ember Spirit', 'Sven', 'Tidehunter']","['Mirana', 'Nyx Assassin', 'Bane', 'Phantom Lancer', 'Storm Spirit', 'Batrider', 'Templar Assassin']","['Lycan', 'Mars', 'Phoenix', 'Void Spirit', 'Grimstroke']","['Monkey King', 'Keeper of the Light', 'Vengeful Spirit', 'Alchemist', 'Invoker']",,"<span class=""team__title-label"">Победа</span>",24 : 33
Team SMG vs Army Geniuses,1.72-2.14,1.65(2.45)10.50,-,07 Сентября 10:10 2021,BTS Pro Series Season 8: Southeast Asia,Army Geniuses,"['ridiculous', '►懒惰之神♂', 'stan mygirl', 'Mamang Daya', 'you_K']",Team SMG,"['MidOne', 'Moon', 'kpii', 'ah fu', 'Roddgeee']","['Abaddon', 'Omniknight', 'Monkey King', 'Lifestealer', 'Batrider', 'Slark', 'Medusa']","['Keeper of the Light', 'Bane', 'Phantom Lancer', 'Puck', 'Ancient Apparition', 'Bloodseeker', 'Mars']","['Kunkka', 'Sven', 'Mirana', 'Ember Spirit', 'Silencer']","['Troll Warlord', 'Void Spirit', 'Vengeful Spirit', 'Alchemist', 'Undying']","<span class=""team__title-label"">Победа</span>",,51 : 21
Tundra Esports vs SG e-sports,1.19-4.81,1.02-11.00,-,06 Сентября 23:10 2021,OGA Dota PIT Invitational,SG e-sports,"['Costabile', '4dr', 'tavo', 'Thiolicor', 'KJ']",Tundra Esports,"['Skiter', 'Nine', '33', 'Sneyking', 'FATA-']","['Night Stalker', 'Keeper of the Light', 'Undying', 'Tidehunter', 'Slark', 'Lifestealer', 'Medusa']","['Chen', 'Io', 'Storm Spirit', 'Queen of Pain', 'Vengeful Spirit', 'Lion', 'Grimstroke']","['Sven', 'Void Spirit', 'Bloodseeker', 'Windranger', 'Omniknight']","['Faceless Void', 'Batrider', 'Beastmaster', 'Shadow Demon', 'Pangolier']",,"<span class=""team__title-label"">Победа</span>",3 : 29
Tundra Esports vs SG e-sports,1.19-4.81,1.02-11.00,-,06 Сентября 23:10 2021,OGA Dota PIT Invitational,Tundra Esports,"['Skiter', 'Nine', '33', 'Sneyking', 'FATA-']",SG e-sports,"['Costabile', '4dr', 'tavo', 'Thiolicor', 'KJ']","['Chen', 'Io', 'Bloodseeker', 'Queen of Pain', 'Storm Spirit', 'Lion', 'Puck']","['Keeper of the Light', 'Night Stalker', 'Lycan', 'Slark', 'Monkey King', 'Sand King', 'Mars']","['Luna', 'Batrider', 'Brewmaster', 'Shadow Demon', 'Pangolier']","['Weaver', 'Clinkz', 'Vengeful Spirit', 'Nyx Assassin', 'Tidehunter']","<span class=""team__title-label"">Победа</span>",,32 : 11
Nemiga Gaming vs B8,1.41-2.78,1.35-3.05,-,06 Сентября 21:20 2021,Dota 2 Champions League 2021 Season 3,B8,"['watson', 'Dendi', 'Limitless', 'TSA', 'Gatciy']",Nemiga Gaming,"['Капец)', 'Kiritych', 'TheChosenOne', 'Haaven', 'Lodine']","['Omniknight', 'Lina', 'Bloodseeker', 'Batrider', 'Sven', 'Mars', 'Phantom Lancer']","['Beastmaster', 'Keeper of the Light', 'Queen of Pain', 'Viper', 'Ember Spirit', 'Leshrac', 'Death Prophet']","['Clinkz', 'Storm Spirit', 'Night Stalker', 'Shadow Demon', 'Undying']","['Pangolier', 'Phantom Assassin', 'Monkey King', 'Phoenix', 'Nyx Assassin']","<span class=""team__title-label"">Победа</span>",,34 : 6
Nemiga Gaming vs B8,1.41-2.78,1.35-3.05,-,06 Сентября 21:20 2021,Dota 2 Champions League 2021 Season 3,Nemiga Gaming,"['Капец)', 'Kiritych', 'TheChosenOne', 'Haaven', 'Lodine']",B8,"['watson', 'Dendi', 'Limitless', 'TSA', 'Gatciy']","['Beastmaster', 'Night Stalker', 'Clinkz', 'Elder Titan', 'Slark', 'Phantom Lancer', 'Terrorblade']","['Omniknight', 'Lina', 'Sven', 'Bloodseeker', 'Monkey King', 'Viper', 'Dark Seer']","['Batrider', 'Medusa', 'Pangolier', 'Shadow Demon', 'Nyx Assassin']","['Arc Warden', 'Void Spirit', 'Tidehunter', 'Keeper of the Light', 'Undying']","<span class=""team__title-label"">Победа</span>",,25 : 18
Nemiga Gaming vs B8,1.41-2.78,1.35-3.05,-,06 Сентября 21:20 2021,Dota 2 Champions League 2021 Season 3,B8,"['watson', 'Dendi', 'Limitless', 'TSA', 'Gatciy']",Nemiga Gaming,"['Капец)', 'Kiritych', 'TheChosenOne', 'Haaven', 'Lodine']","['Omniknight', 'Keeper of the Light', 'Phantom Lancer', 'Batrider', 'Sven', 'Void Spirit', 'Storm Spirit']","['Night Stalker', 'Beastmaster', 'Elder Titan', 'Treant Protector', 'Bloodseeker', 'Puck', 'Queen of Pain']","['Clinkz', 'Viper', 'Mars', 'Shadow Demon', 'Undying']","['Pangolier', 'Slark', 'Vengeful Spirit', 'Lina', 'Jakiro']",,"<span class=""team__title-label"">Победа</span>",32 : 49
Fnatic vs Thunder Predator,1.52-2.57,1.05-8.50,-,06 Сентября 20:50 2021,OGA Dota PIT Invitational,Fnatic,"['Raven', 'CHYuan', 'Deth', 'Jabz', 'DJ']",Thunder Predator,"['Mnz', 'Leostyle-', 'Frank', 'MoOz', 'Mjz']","['Omniknight', 'Tidehunter', 'Phantom Lancer', 'Night Stalker', 'Sven', 'Anti-Mage', 'Medusa']","['Lina', 'Bloodseeker', 'Monkey King', 'Ember Spirit', 'Razor', 'Nyx Assassin', 'Abaddon']","['Clinkz', 'Storm Spirit', 'Vengeful Spirit', 'Pudge', 'Bane']","['Phantom Assassin', 'Void Spirit', 'Batrider', 'Pangolier', 'Phoenix']","<span class=""team__title-label"">Победа</span>",,26 : 22
Fnatic vs Thunder Predator,1.52-2.57,1.05-8.50,-,06 Сентября 20:50 2021,OGA Dota PIT Invitational,Fnatic,"['Raven', 'CHYuan', 'Deth', 'Jabz', 'DJ']",Thunder Predator,"['Mnz', 'Leostyle-', 'Frank', 'MoOz', 'Mjz']","['Omniknight', 'Tidehunter', 'Phantom Lancer', 'Slark', 'Night Stalker', 'Beastmaster', 'Dark Seer']","['Vengeful Spirit', 'Bloodseeker', 'Monkey King', 'Batrider', 'Razor', 'Pudge', 'Doom']","['Clinkz', 'Ember Spirit', 'Mars', 'Shadow Demon', 'Bane']","['Sven', 'Void Spirit', 'Centaur Warrunner', 'Pangolier', 'Oracle']","<span class=""team__title-label"">Победа</span>",,25 : 10
Team Unique vs qwerty44,1.08-6.31,1.07-7.50,-,06 Сентября 19:10 2021,Dota 2 Champions League 2021 Season 3,Team Unique,"['spAce', 'fn', 'Petushara', 'Bignum', 'Slayer']",qwerty44,"['kom4rt', 'USHUSHUSH', 'Airu', 'Petru44o', 'Fezor']","['Night Stalker', 'Invoker', 'Outworld Destroyer', 'Pangolier', 'Batrider', 'Mars', 'Tidehunter']","['Beastmaster', 'Lina', 'Brewmaster', 'Void Spirit', 'Shadow Demon', 'Ember Spirit', 'Puck']","['Medusa', 'Snapfire', 'Sand King', 'Keeper of the Light', 'Clockwerk']","['Clinkz', 'Storm Spirit', 'Sven', 'Phoenix', 'Omniknight']","<span class=""team__title-label"">Победа</span>",,36 : 18
Team Unique vs qwerty44,1.08-6.31,1.07-7.50,-,06 Сентября 19:10 2021,Dota 2 Champions League 2021 Season 3,qwerty44,"['kom4rt', 'USHUSHUSH', 'Airu', 'Petru44o', 'Fezor']",Team Unique,"['spAce', 'fn', 'Petushara', 'Bignum', 'Slayer']","['Beastmaster', 'Night Stalker', 'Mars', 'Brewmaster', 'Pangolier', 'Disruptor', 'Winter Wyvern']","['Lina', 'Keeper of the Light', 'Void Spirit', 'Tidehunter', 'Storm Spirit', 'Faceless Void', 'Silencer']","['Clinkz', 'Invoker', 'Dragon Knight', 'Nyx Assassin', 'Omniknight']","['Sven', 'Batrider', 'Bloodseeker', 'Shadow Demon', 'Hoodwink']",,"<span class=""team__title-label"">Победа</span>",11 : 43
T1 vs Team Spirit,1.91-1.91,3.90-1.23,-,06 Сентября 16:50 2021,OGA Dota PIT Invitational,Team Spirit,"['Yatoro', 'TORONTOTOKYO', 'Collapse', 'Miroslaw', 'Miposhka']",T1,"['23savage', 'Karl', 'Kuku', 'Xepher', 'Whitemon']","['Vengeful Spirit', 'Keeper of the Light', 'Batrider', 'Leshrac', 'Bloodseeker', 'Void Spirit', 'Ember Spirit']","['Magnus', 'Tidehunter', 'Faceless Void', 'Phantom Lancer', 'Anti-Mage', 'Storm Spirit', 'Puck']","['Terrorblade', 'Pangolier', 'Spirit Breaker', 'Phoenix', 'Disruptor']","['Clinkz', 'Doom', 'Sand King', 'Snapfire', 'Omniknight']",,"<span class=""team__title-label"">Победа</span>",16 : 25
T1 vs Team Spirit,1.91-1.91,3.90-1.23,-,06 Сентября 16:50 2021,OGA Dota PIT Invitational,Team Spirit,"['Yatoro', 'TORONTOTOKYO', 'Collapse', 'Miroslaw', 'Miposhka']",T1,"['23savage', 'Karl', 'Kuku', 'Xepher', 'Whitemon']","['Vengeful Spirit', 'Clinkz', 'Beastmaster', 'Doom', 'Batrider', 'Viper', 'Legion Commander']","['Tidehunter', 'Magnus', 'Leshrac', 'Puck', 'Faceless Void', 'Dark Seer', 'Storm Spirit']","['Sven', 'Void Spirit', 'Night Stalker', 'Earthshaker', 'Bane']","['Phantom Lancer', 'Keeper of the Light', 'Venomancer', 'Pangolier', 'Lich']","<span class=""team__title-label"">Победа</span>",,31 : 11
T1 vs Team Spirit,1.91-1.91,3.90-1.23,-,06 Сентября 16:50 2021,OGA Dota PIT Invitational,Team Spirit,"['Yatoro', 'TORONTOTOKYO', 'Collapse', 'Miroslaw', 'Miposhka']",T1,"['23savage', 'Karl', 'Kuku', 'Xepher', 'Whitemon']","['Omniknight', 'Keeper of the Light', 'Doom', 'Monkey King', 'Slark', 'Medusa', 'Sven']","['Hoodwink', 'Batrider', 'Phantom Lancer', 'Beastmaster', 'Night Stalker', 'Ember Spirit', 'Tidehunter']","['Gyrocopter', 'Clinkz', 'Mars', 'Mirana', 'Bane']","['Sniper', 'Void Spirit', 'Vengeful Spirit', 'Elder Titan', 'Treant Protector']",,"<span class=""team__title-label"">Победа</span>",40 : 35
Fantastic Five vs V-Gaming,2.99-1.36,3.05-1.35,-,06 Сентября 15:50 2021,Dota 2 Champions League 2021 Season 3,V-Gaming,"['MALYW GRUT !', 'Naive-', 'Malik', 'ArrOw', 'malady']",Fantastic Five,"['Zealoth', 'dream`', 'Blizzy', 'jAMES', 'Seleri']",[],[],"['Tiny', 'Naga Siren', 'Undying', 'Rubick', 'Disruptor']","['Pangolier', 'Clinkz', 'Mars', 'Dark Willow', 'Omniknight']","<span class=""team__title-label"">Победа</span>",,50 : 27
Fantastic Five vs V-Gaming,2.99-1.36,3.05-1.35,-,06 Сентября 15:50 2021,Dota 2 Champions League 2021 Season 3,V-Gaming,"['MALYW GRUT !', 'Naive-', 'Malik', 'ArrOw', 'malady']",Fantastic Five,"['dream`', 'Askold', 'Blizzy', 'jAMES', 'Seleri']","['Keeper of the Light', 'Batrider', 'Brewmaster', 'Doom', 'Disruptor', 'Viper', 'Void Spirit']","['Night Stalker', 'Shadow Demon', 'Mars', 'Sven', 'Gyrocopter', 'Windranger', 'Mirana']","['Invoker', 'Slark', 'Tidehunter', 'Lina', 'Omniknight']","['Clinkz', 'Pangolier', 'Beastmaster', 'Rubick', 'Clockwerk']",,"<span class=""team__title-label"">Победа</span>",19 : 19
Fantastic Five vs V-Gaming,2.99-1.36,3.05-1.35,-,06 Сентября 15:50 2021,Dota 2 Champions League 2021 Season 3,V-Gaming,"['MALYW GRUT !', 'Naive-', 'Malik', 'ArrOw', 'malady']",Fantastic Five,"['dream`', 'Askold', 'Blizzy', 'jAMES', 'Seleri']","['Clinkz', 'Pangolier', 'Beastmaster', 'Lycan', 'Phantom Lancer', 'Luna', 'Anti-Mage']","['Shadow Demon', 'Night Stalker', 'Batrider', 'Naga Siren', 'Storm Spirit', 'Drow Ranger', 'Medusa']","['Shadow Fiend', 'Lifestealer', 'Vengeful Spirit', 'Pudge', 'Disruptor']","['Sven', 'Void Spirit', 'Dragon Knight', 'Keeper of the Light', 'Hoodwink']","<span class=""team__title-label"">Победа</span>",,33 : 26
PSG.LGD vs Team Undying,1.28-3.78,1.42-2.75,-,06 Сентября 13:10 2021,OGA Dota PIT Invitational,PSG.LGD,"['Ame', 'xiao8', 'Faith_bian', 'XinQ', 'y`']",Team Undying,"['Timado', 'bryle', 'SabeRLighT-', 'MoonMeander', 'DuBu']","['Batrider', 'Keeper of the Light', 'Bloodseeker', 'Luna', 'Faceless Void', 'Void Spirit', 'Puck']","['Io', 'Monkey King', 'Vengeful Spirit', 'Viper', 'Timbersaw', 'Razor', 'Leshrac']","['Clinkz', 'Legion Commander', 'Outworld Destroyer', 'Lina', 'Pangolier']","['Troll Warlord', 'Storm Spirit', 'Tidehunter', 'Mirana', 'Bane']",,"<span class=""team__title-label"">Победа</span>",18 : 43
PSG.LGD vs Team Undying,1.28-3.78,1.42-2.75,-,06 Сентября 13:10 2021,OGA Dota PIT Invitational,Team Undying,"['Timado', 'bryle', 'SabeRLighT-', 'MoonMeander', 'DuBu']",PSG.LGD,"['Ame', 'xiao8', 'Faith_bian', 'XinQ', 'y`']","['Io', 'Tidehunter', 'Bloodseeker', 'Beastmaster', 'Night Stalker', 'Leshrac', 'Morphling']","['Batrider', 'Keeper of the Light', 'Troll Warlord', 'Luna', 'Drow Ranger', 'Phantom Lancer', 'Terrorblade']","['Naga Siren', 'Void Spirit', 'Pangolier', 'Mirana', 'Bane']","['Clinkz', 'Underlord', 'Vengeful Spirit', 'Monkey King', 'Treant Protector']",,"<span class=""team__title-label"">Победа</span>",31 : 27
PSG.LGD vs Team Undying,1.28-3.78,1.42-2.75,-,06 Сентября 13:10 2021,OGA Dota PIT Invitational,PSG.LGD,"['Ame', 'xiao8', 'Faith_bian', 'XinQ', 'y`']",Team Undying,"['Timado', 'bryle', 'SabeRLighT-', 'MoonMeander', 'DuBu']","['Batrider', 'Keeper of the Light', 'Viper', 'Invoker', 'Lina', 'Faceless Void', 'Morphling']","['Monkey King', 'Clinkz', 'Pangolier', 'Slark', 'Night Stalker', 'Vengeful Spirit', 'Sand King']","['Sven', 'Leshrac', 'Centaur Warrunner', 'Io', 'Bane']","['Phantom Assassin', 'Razor', 'Tidehunter', 'Mirana', 'Shadow Demon']","<span class=""team__title-label"">Победа</span>",,19 : 38
Team Empire vs HellRaisers,1.61-2.22,1.12-5.55,-,06 Сентября 12:10 2021,Dota 2 Champions League 2021 Season 3,Team Empire,"['Shachlo', 'Smiling Knight', 'Lorenof', 'sayuw', 'VANSKOR']",HellRaisers,"['Resolut1on', 're1bl', '9pasha', 'Zayac', 'ALWAYSWANNAFLY']","['Sven', 'Night Stalker', 'Faceless Void', 'Slark', 'Batrider', 'Void Spirit', 'Queen of Pain']","['Pangolier', 'Keeper of the Light', 'Medusa', 'Luna', 'Gyrocopter', 'Invoker', 'Razor']","['Tidehunter', 'Clinkz', 'Storm Spirit', 'Shadow Demon', 'Enchantress']","['Monkey King', 'Puck', 'Beastmaster', 'Lina', 'Phoenix']","<span class=""team__title-label"">Победа</span>",,33 : 20
Team Empire vs HellRaisers,1.61-2.22,1.12-5.55,-,06 Сентября 12:10 2021,Dota 2 Champions League 2021 Season 3,Team Empire,"['Shachlo', 'Smiling Knight', 'Lorenof', 'sayuw', 'VANSKOR']",HellRaisers,"['Resolut1on', 're1bl', '9pasha', 'Zayac', 'ALWAYSWANNAFLY']","['Sven', 'Shadow Demon', 'Batrider', 'Ember Spirit', 'Void Spirit', 'Medusa', 'Luna']","['Bloodseeker', 'Omniknight', 'Beastmaster', 'Faceless Void', 'Clinkz', 'Phantom Lancer', 'Lycan']","['Night Stalker', 'Gyrocopter', 'Lina', 'Dark Willow', 'Bane']","['Slark', 'Invoker', 'Pangolier', 'Keeper of the Light', 'Abaddon']",,"<span class=""team__title-label"">Победа</span>",12 : 26
Team Empire vs HellRaisers,1.61-2.22,1.12-5.55,-,06 Сентября 12:10 2021,Dota 2 Champions League 2021 Season 3,Team Empire,"['Shachlo', 'Smiling Knight', 'Lorenof', 'sayuw', 'VANSKOR']",HellRaisers,"['Resolut1on', 're1bl', '9pasha', 'Zayac', 'ALWAYSWANNAFLY']","['Sven', 'Shadow Demon', 'Slark', 'Monkey King', 'Ursa', 'Invoker', 'Batrider']","['Bloodseeker', 'Omniknight', 'Faceless Void', 'Medusa', 'Lycan', 'Templar Assassin', 'Queen of Pain']","['Tidehunter', 'Clinkz', 'Ember Spirit', 'Keeper of the Light', 'Treant Protector']","['Luna', 'Void Spirit', 'Pangolier', 'Lina', 'Disruptor']","<span class=""team__title-label"">Победа</span>",,30 : 18
Team Unique vs B8,1.21-4.06,3.75-1.25,-,05 Сентября 21:10 2021,Dota 2 Champions League 2021 Season 3,B8,"['watson', 'Dendi', 'Limitless', 'TSA', 'Gatciy']",Team Unique,"['spAce', 'fn', 'Petushara', 'Bignum', 'Slayer']","['Omniknight', 'Pangolier', 'Storm Spirit', 'Disruptor', 'Medusa', 'Sand King', 'Spirit Breaker']","['Keeper of the Light', 'Beastmaster', 'Batrider', 'Sven', 'Invoker', 'Void Spirit', 'Kunkka']","['Clinkz', 'Ember Spirit', 'Bloodseeker', 'Shadow Demon', 'Treant Protector']","['Morphling', 'Lina', 'Brewmaster', 'Lion', 'Night Stalker']","<span class=""team__title-label"">Победа</span>",,37 : 37
Team Unique vs B8,1.21-4.06,3.75-1.25,-,05 Сентября 21:10 2021,Dota 2 Champions League 2021 Season 3,Team Unique,"['spAce', 'fn', 'Petushara', 'Bignum', 'Slayer']",B8,"['watson', 'Dendi', 'Limitless', 'TSA', 'Gatciy']","['Keeper of the Light', 'Night Stalker', 'Tidehunter', 'Bloodseeker', 'Mars', 'Sand King', 'Axe']","['Omniknight', 'Pangolier', 'Sven', 'Phantom Lancer', 'Medusa', 'Batrider', 'Storm Spirit']","['Slark', 'Ember Spirit', 'Beastmaster', 'Lina', 'Hoodwink']","['Clinkz', 'Void Spirit', 'Legion Commander', 'Shadow Demon', 'Undying']","<span class=""team__title-label"">Победа</span>",,22 : 4
Team Unique vs B8,1.21-4.06,3.75-1.25,-,05 Сентября 21:10 2021,Dota 2 Champions League 2021 Season 3,B8,"['watson', 'Dendi', 'Limitless', 'TSA', 'Gatciy']",Team Unique,"['spAce', 'fn', 'Petushara', 'Bignum', 'Slayer']","['Omniknight', 'Lina', 'Pangolier', 'Void Spirit', 'Phantom Lancer', 'Mars', 'Sand King']","['Keeper of the Light', 'Night Stalker', 'Slark', 'Sven', 'Luna', 'Puck', 'Kunkka']","['Medusa', 'Viper', 'Beastmaster', 'Shadow Demon', 'Elder Titan']","['Weaver', 'Invoker', 'Tidehunter', 'Gyrocopter', 'Jakiro']","<span class=""team__title-label"">Победа</span>",,25 : 9
PuckChamp vs Fantastic Five,1.61-2.14,1.13-5.40,-,05 Сентября 18:10 2021,Dota 2 Champions League 2021 Season 3,PuckChamp,"['krylat', 'young G', 'meLes', 'Astral', 'Dukalis']",Fantastic Five,"['dream`', 'Askold', 'Shergarat', 'jAMES', 'Seleri']","['Beastmaster', 'Lycan', 'Io', 'Night Stalker', 'Storm Spirit', 'Puck', 'Tiny']","['Keeper of the Light', 'Pangolier', 'Invoker', 'Batrider', 'Mars', 'Lion', 'Shadow Demon']","['Gyrocopter', 'Lina', 'Bloodseeker', 'Shadow Shaman', 'Omniknight']","['Morphling', 'Ember Spirit', 'Tidehunter', 'Rubick', 'Sven']","<span class=""team__title-label"">Победа</span>",,25 : 13
PuckChamp vs Fantastic Five,1.61-2.14,1.13-5.40,-,05 Сентября 18:10 2021,Dota 2 Champions League 2021 Season 3,PuckChamp,"['krylat', 'young G', 'meLes', 'Astral', 'Dukalis']",Fantastic Five,"['dream`', 'Askold', 'Blizzy', 'jAMES', 'Seleri']","['Night Stalker', 'Beastmaster', 'Slark', 'Sven', 'Lifestealer', 'Medusa', 'Anti-Mage']","['Keeper of the Light', 'Omniknight', 'Tidehunter', 'Mars', 'Lina', 'Queen of Pain', 'Storm Spirit']","['Gyrocopter', 'Invoker', 'Sand King', 'Rubick', 'Pangolier']","['Bloodseeker', 'Batrider', 'Magnus', 'Windranger', 'Grimstroke']","<span class=""team__title-label"">Победа</span>",,27 : 26
Spider Pigzs vs Team Empire,2.61-1.46,7.00-1.08,-,05 Сентября 15:10 2021,Dota 2 Champions League 2021 Season 3,Team Empire,"['Shachlo', 'Smiling Knight', 'Lorenof', 'sayuw', 'VANSKOR']",Spider Pigzs,"['lil pleb', 'No!ob', 'Funn1k', 'OmaR', 'LeBron']","['Keeper of the Light', 'Bane', 'Batrider', 'Morphling', 'Phantom Lancer', 'Void Spirit', 'Viper']","['Lina', 'Omniknight', 'Shadow Fiend', 'Sven', 'Clinkz', 'Invoker', 'Ember Spirit']","['Vengeful Spirit', 'Medusa', 'Storm Spirit', 'Pangolier', 'Clockwerk']","['Luna', 'Death Prophet', 'Bloodseeker', 'Lion', 'Treant Protector']","<span class=""team__title-label"">Победа</span>",,31 : 26
Spider Pigzs vs Team Empire,2.61-1.46,7.00-1.08,-,05 Сентября 15:10 2021,Dota 2 Champions League 2021 Season 3,Spider Pigzs,"['lil pleb', 'No!ob', 'Funn1k', 'OmaR', 'LeBron']",Team Empire,"['Shachlo', 'Smiling Knight', 'Lorenof', 'sayuw', 'VANSKOR']","['Vengeful Spirit', 'Omniknight', 'Winter Wyvern', 'Medusa', 'Lifestealer', 'Storm Spirit', 'Invoker']","['Keeper of the Light', 'Lina', 'Tidehunter', 'Lycan', 'Mars', 'Batrider', 'Queen of Pain']","['Sven', 'Snapfire', 'Beastmaster', 'Phoenix', 'Pangolier']","['Bloodseeker', 'Sniper', 'Void Spirit', 'Lion', 'Treant Protector']","<span class=""team__title-label"">Победа</span>",,21 : 12
Spider Pigzs vs Team Empire,2.61-1.46,7.00-1.08,-,05 Сентября 15:10 2021,Dota 2 Champions League 2021 Season 3,Team Empire,"['Shachlo', 'Smiling Knight', 'Lorenof', 'sayuw', 'VANSKOR']",Spider Pigzs,"['lil pleb', 'No!ob', 'Funn1k', 'OmaR', 'LeBron']","['Keeper of the Light', 'Pangolier', 'Batrider', 'Lycan', 'Invoker', 'Queen of Pain', 'Snapfire']","['Lina', 'Shadow Demon', 'Beastmaster', 'Storm Spirit', 'Lion', 'Mars', 'Dragon Knight']","['Axe', 'Gyrocopter', 'Leshrac', 'Dark Willow', 'Omniknight']","['Morphling', 'Void Spirit', 'Tidehunter', 'Rubick', 'Sven']","<span class=""team__title-label"">Победа</span>",,23 : 9
Team Aster vs Vici Gaming,1.48-2.68,1.02-11.00,-,05 Сентября 14:16 2021,i-League 2021 Season 2,Vici Gaming,"['The last dark', 'Ori', 'old eLeVeN', 'Pyw', 'Dy']",Team Aster,"['Monet', 'White丶Album_白学家', 'Xxs', 'Borax', 'LaNm']","['Lina', 'Monkey King', 'Slark', 'Clinkz', 'Ursa', 'Lifestealer', 'Troll Warlord']","['Lion', 'Keeper of the Light', 'Bloodseeker', 'Omniknight', 'Tidehunter', 'Void Spirit', 'Razor']","['Sven', 'Puck', 'Dragon Knight', 'Phoenix', 'Grimstroke']","['Luna', 'Queen of Pain', 'Pangolier', 'Pudge', 'Chen']","<span class=""team__title-label"">Победа</span>",,21 : 15
Team Aster vs Vici Gaming,1.48-2.68,1.02-11.00,-,05 Сентября 14:16 2021,i-League 2021 Season 2,Team Aster,"['Monet', 'White丶Album_白学家', 'Xxs', 'Borax', 'LaNm']",Vici Gaming,"['The last dark', 'Ori', 'old eLeVeN', 'Pyw', 'Dy']","['Lion', 'Keeper of the Light', 'Sven', 'Omniknight', 'Phoenix', 'Phantom Lancer', 'Ursa']","['Monkey King', 'Lina', 'Juggernaut', 'Storm Spirit', 'Lifestealer', 'Morphling', 'Terrorblade']","['Medusa', 'Queen of Pain', 'Vengeful Spirit', 'Pudge', 'Lich']","['Anti-Mage', 'Void Spirit', 'Bloodseeker', 'Pangolier', 'Shadow Demon']","<span class=""team__title-label"">Победа</span>",,39 : 26
Team Aster vs Vici Gaming,1.48-2.68,1.02-11.00,-,05 Сентября 14:16 2021,i-League 2021 Season 2,Vici Gaming,"['The last dark', 'Ori', 'old eLeVeN', 'Pyw', 'Dy']",Team Aster,"['Monet', 'White丶Album_白学家', 'Xxs', 'Borax', 'LaNm']","['Monkey King', 'Lina', 'Storm Spirit', 'Medusa', 'Shadow Fiend', 'Magnus', 'Queen of Pain']","['Lion', 'Keeper of the Light', 'Omniknight', 'Sven', 'Void Spirit', 'Razor', 'Puck']","['Weaver', 'Tinker', 'Bloodseeker', 'Pangolier', 'Shadow Demon']","['Juggernaut', 'Batrider', 'Vengeful Spirit', 'Pudge', 'Lich']",,"<span class=""team__title-label"">Победа</span>",24 : 39
Team Aster vs Vici Gaming,1.48-2.68,1.02-11.00,-,05 Сентября 14:16 2021,i-League 2021 Season 2,Team Aster,"['Monet', 'White丶Album_白学家', 'Xxs', 'Borax', 'LaNm']",Vici Gaming,"['The last dark', 'Ori', 'old eLeVeN', 'Pyw', 'Dy']","['Lion', 'Keeper of the Light', 'Shadow Demon', 'Phoenix', 'Void Spirit', 'Slardar', 'Doom']","['Monkey King', 'Lina', 'Vengeful Spirit', 'Pangolier', 'Bloodseeker', 'Night Stalker', 'Lycan']","['Sven', 'Storm Spirit', 'Necrophos', 'Pudge', 'Lich']","['Slark', 'Invoker', 'Dragon Knight', 'Grimstroke', 'Omniknight']","<span class=""team__title-label"">Победа</span>",,38 : 21
Vici Gaming vs Invictus Gaming,1.72-2.14,1.09-6.50,-,05 Сентября 10:10 2021,i-League 2021 Season 2,Invictus Gaming,"['flyfly', 'Emo', 'JT-', 'Kaka', 'Oli']",Vici Gaming,"['The last dark', 'Ori', 'old eLeVeN', 'Pyw', 'Dy']","['Keeper of the Light', 'Dragon Knight', 'Omniknight', 'Disruptor', 'Templar Assassin', 'Drow Ranger', 'Troll Warlord']","['Lina', 'Monkey King', 'Doom', 'Io', 'Bloodseeker', 'Dark Seer', 'Legion Commander']","['Ursa', 'Void Spirit', 'Timbersaw', 'Nyx Assassin', 'Grimstroke']","['Slark', 'Shadow Fiend', 'Tidehunter', 'Lion', 'Pangolier']",,"<span class=""team__title-label"">Победа</span>",20 : 30
Vici Gaming vs Invictus Gaming,1.72-2.14,1.09-6.50,-,05 Сентября 10:10 2021,i-League 2021 Season 2,Invictus Gaming,"['flyfly', 'Emo', 'JT-', 'Kaka', 'Oli']",Vici Gaming,"['The last dark', 'Ori', 'old eLeVeN', 'Pyw', 'Dy']","['Keeper of the Light', 'Dragon Knight', 'Doom', 'Shadow Fiend', 'Slark', 'Templar Assassin', 'Anti-Mage']","['Lina', 'Monkey King', 'Bloodseeker', 'Grimstroke', 'Queen of Pain', 'Terrorblade', 'Phantom Lancer']","['Morphling', 'Storm Spirit', 'Tidehunter', 'Lion', 'Silencer']","['Drow Ranger', 'Razor', 'Night Stalker', 'Shadow Demon', 'Pangolier']","<span class=""team__title-label"">Победа</span>",,19 : 6
Vici Gaming vs Invictus Gaming,1.72-2.14,1.09-6.50,-,05 Сентября 10:10 2021,i-League 2021 Season 2,Invictus Gaming,"['flyfly', 'Emo', 'JT-', 'Kaka', 'Oli']",Vici Gaming,"['The last dark', 'Ori', 'old eLeVeN', 'Pyw', 'Dy']","['Keeper of the Light', 'Dragon Knight', 'Disruptor', 'Slark', 'Grimstroke', 'Templar Assassin', 'Shadow Fiend']","['Lina', 'Monkey King', 'Lifestealer', 'Storm Spirit', 'Silencer', 'Invoker', 'Void Spirit']","['Sven', 'Queen of Pain', 'Tidehunter', 'Rubick', 'Io']","['Ursa', 'Tinker', 'Bloodseeker', 'Lion', 'Witch Doctor']",,"<span class=""team__title-label"">Победа</span>",18 : 33
B8 vs HellRaisers,4.45-1.18,1.23-3.90,-,04 Сентября 21:10 2021,Dota 2 Champions League 2021 Season 3,B8,"['watson', 'Dendi', 'Limitless', 'TSA', 'Gatciy']",HellRaisers,"['Resolut1on', 're1bl', '9pasha', 'Le don', 'Zayac']","['Sven', 'Night Stalker', 'Shadow Demon', 'Mirana', 'Clinkz', 'Dark Seer', 'Lina']","['Pangolier', 'Beastmaster', 'Slark', 'Omniknight', 'Faceless Void', 'Sand King', 'Tidehunter']","['Luna', 'Void Spirit', 'Legion Commander', 'Keeper of the Light', 'Undying']","['Phantom Lancer', 'Batrider', 'Viper', 'Abaddon', 'Spirit Breaker']","<span class=""team__title-label"">Победа</span>",,33 : 15
B8 vs HellRaisers,4.45-1.18,1.23-3.90,-,04 Сентября 21:10 2021,Dota 2 Champions League 2021 Season 3,HellRaisers,"['Resolut1on', 're1bl', '9pasha', 'Le don', 'Zayac']",B8,"['watson', 'Dendi', 'Limitless', 'TSA', 'Gatciy']","['Pangolier', 'Keeper of the Light', 'Faceless Void', 'Luna', 'Morphling', 'Slark', 'Medusa']","['Sven', 'Night Stalker', 'Enchantress', 'Clinkz', 'Phantom Lancer', 'Storm Spirit', 'Ember Spirit']","['Phantom Assassin', 'Monkey King', 'Mars', 'Phoenix', 'Mirana']","['Bloodseeker', 'Void Spirit', 'Beastmaster', 'Shadow Demon', 'Undying']",,"<span class=""team__title-label"">Победа</span>",13 : 30
Team Unique vs Nemiga Gaming,1.37-2.96,5.00-1.15,-,04 Сентября 18:10 2021,Dota 2 Champions League 2021 Season 3,Nemiga Gaming,"['Капец)', 'Kiritych', 'TheChosenOne', 'Haaven', 'Lodine']",Team Unique,"['spAce', 'fn', 'Petushara', 'Bignum', 'Slayer']","['Pangolier', 'Keeper of the Light', 'Shadow Demon', 'Slark', 'Luna', 'Skywrath Mage', 'Queen of Pain']","['Bloodseeker', 'Invoker', 'Tiny', 'Beastmaster', 'Lycan', 'Enigma', 'Monkey King']","['Batrider', 'Sven', 'Razor', 'Rubick', 'Omniknight']","['Lifestealer', 'Lina', 'Night Stalker', 'Windranger', 'Lich']","<span class=""team__title-label"">Победа</span>",,26 : 13
Team Unique vs Nemiga Gaming,1.37-2.96,5.00-1.15,-,04 Сентября 18:10 2021,Dota 2 Champions League 2021 Season 3,Team Unique,"['spAce', 'fn', 'Petushara', 'Bignum', 'Slayer']",Nemiga Gaming,"['Капец)', 'Kiritych', 'TheChosenOne', 'Haaven', 'Lodine']","['Bloodseeker', 'Invoker', 'Tiny', 'Lycan', 'Enigma', 'Batrider', 'Void Spirit']","['Pangolier', 'Keeper of the Light', 'Lich', 'Shadow Demon', 'Beastmaster', 'Disruptor', 'Rubick']","['Slark', 'Lina', 'Tidehunter', 'Lion', 'Phoenix']","['Zeus', 'Sven', 'Night Stalker', 'Dark Willow', 'Omniknight']",,"<span class=""team__title-label"">Победа</span>",12 : 30
Team Aster vs Vici Gaming,1.66-2.24,1.11-5.80,-,04 Сентября 15:10 2021,i-League 2021 Season 2,Team Aster,"['Monet', 'White丶Album_白学家', 'Xxs', 'Borax', 'LaNm']",Vici Gaming,"['The last dark', 'Ori', 'old eLeVeN', 'Pyw', 'Dy']","['Lina', 'Keeper of the Light', 'Silencer', 'Disruptor', 'Vengeful Spirit', 'Storm Spirit', 'Void Spirit']","['Monkey King', 'Grimstroke', 'Terrorblade', 'Razor', 'Dark Seer', 'Magnus', 'Templar Assassin']","['Clinkz', 'Tinker', 'Bloodseeker', 'Pangolier', 'Chen']","['Sven', 'Shadow Fiend', 'Dragon Knight', 'Lion', 'Omniknight']",,"<span class=""team__title-label"">Победа</span>",17 : 38
Team Aster vs Vici Gaming,1.66-2.24,1.11-5.80,-,04 Сентября 15:10 2021,i-League 2021 Season 2,Team Aster,"['Monet', 'White丶Album_白学家', 'Xxs', 'Borax', 'LaNm']",Vici Gaming,"['The last dark', 'Ori', 'old eLeVeN', 'Pyw', 'Dy']","['Keeper of the Light', 'Clockwerk', 'Bloodseeker', 'Omniknight', 'Sven', 'Weaver', 'Medusa']","['Monkey King', 'Lina', 'Slark', 'Ursa', 'Razor', 'Storm Spirit', 'Shadow Fiend']","['Clinkz', 'Magnus', 'Pangolier', 'Shadow Demon', 'Chen']","['Faceless Void', 'Void Spirit', 'Tidehunter', 'Elder Titan', 'Grimstroke']","<span class=""team__title-label"">Победа</span>",,24 : 17
Team Aster vs Vici Gaming,1.66-2.24,1.11-5.80,-,04 Сентября 15:10 2021,i-League 2021 Season 2,Vici Gaming,"['The last dark', 'Ori', 'old eLeVeN', 'Pyw', 'Dy']",Team Aster,"['Monet', 'White丶Album_白学家', 'Xxs', 'Borax', 'LaNm']","['Monkey King', 'Lina', 'Clinkz', 'Slark', 'Ursa', 'Queen of Pain', 'Magnus']","['Keeper of the Light', 'Clockwerk', 'Bloodseeker', 'Omniknight', 'Tidehunter', 'Storm Spirit', 'Void Spirit']","['Weaver', 'Dragon Knight', 'Night Stalker', 'Grimstroke', 'Winter Wyvern']","['Sven', 'Batrider', 'Pangolier', 'Rubick', 'Chen']",,"<span class=""team__title-label"">Победа</span>",9 : 22
Team Empire vs V-Gaming,1.69-2.09,7.50-1.07,-,04 Сентября 15:10 2021,Dota 2 Champions League 2021 Season 3,Team Empire,"['Smiling Knight', 'depressed kid', 'AfterLife', 'sayuw', 'Suzuya']",V-Gaming,"['MALYW GRUT !', 'Naive-', 'destroyed', 'ArrOw', 'malady']","['Night Stalker', 'Bloodseeker', 'Clinkz', 'Luna', 'Slark', 'Tidehunter', 'Sand King']","['Outworld Destroyer', 'Vengeful Spirit', 'Sven', 'Faceless Void', 'Alchemist', 'Phantom Lancer', 'Medusa']","['Lycan', 'Invoker', 'Brewmaster', 'Pangolier', 'Silencer']","['Lina', 'Juggernaut', 'Mars', 'Shadow Demon', 'Disruptor']",,"<span class=""team__title-label"">Победа</span>",8 : 22
Team Empire vs V-Gaming,1.69-2.09,7.50-1.07,-,04 Сентября 15:10 2021,Dota 2 Champions League 2021 Season 3,V-Gaming,"['MALYW GRUT !', 'Naive-', 'destroyed', 'ArrOw', 'malady']",Team Empire,"['Smiling Knight', 'depressed kid', 'AfterLife', 'sayuw', 'Suzuya']","['Vengeful Spirit', 'Outworld Destroyer', 'Silencer', 'Sven', 'Phantom Lancer', 'Templar Assassin', 'Shadow Fiend']","['Night Stalker', 'Bloodseeker', 'Juggernaut', 'Faceless Void', 'Mars', 'Brewmaster', 'Slardar']","['Invoker', 'Luna', 'Tidehunter', 'Rubick', 'Disruptor']","['Clinkz', 'Batrider', 'Sand King', 'Lina', 'Treant Protector']","<span class=""team__title-label"">Победа</span>",,31 : 13
